sub,patch,env,leaveT,meanLT,dmLeave
1,3,1,45.03478358,40.53292724,4.501856336
1,2,1,44.40390022,40.53292724,3.870972982
1,3,1,61.16867223,40.53292724,20.63574499
1,1,1,26.8035138,40.53292724,-13.72941344
1,3,1,56.99200211,40.53292724,16.45907487
1,2,1,46.47290737,40.53292724,5.939980129
1,1,1,43.30962608,40.53292724,2.776698838
1,3,1,58.56478465,40.53292724,18.03185741
1,3,1,62.08832961,40.53292724,21.55540237
1,2,1,38.4270247,40.53292724,-2.105902542
1,1,1,31.29138899,40.53292724,-9.241538252
1,3,1,52.97512783,40.53292724,12.44220059
1,1,2,32.33235605,40.53292724,-8.200571192
1,1,2,32.85487465,40.53292724,-7.678052588
1,2,2,31.72271894,40.53292724,-8.810208304
1,1,2,34.18842512,40.53292724,-6.344502115
1,3,2,39.96648494,40.53292724,-0.566442303
1,2,2,44.55861528,40.53292724,4.025688037
1,2,2,43.30770422,40.53292724,2.774776984
1,1,2,26.5200268,40.53292724,-14.01290044
1,3,2,44.44208714,40.53292724,3.909159896
1,1,2,25.28564556,40.53292724,-15.24728168
1,1,2,27.63685515,40.53292724,-12.89607209
1,2,2,37.79764977,40.53292724,-2.735277471
1,3,2,41.45601224,40.53292724,0.923085001
1,1,2,24.47312739,40.53292724,-16.05979985
1,2,2,38.41839079,40.53292724,-2.114536454
2,3,1,15.09154156,10.86903598,4.222505579
2,2,1,10.20356235,10.86903598,-0.665473628
2,3,1,15.54164113,10.86903598,4.672605148
2,1,1,7.783863636,10.86903598,-3.085172346
2,3,1,12.91053577,10.86903598,2.041499792
2,2,1,9.108344326,10.86903598,-1.760691655
2,1,1,6.832940927,10.86903598,-4.036095055
2,3,1,8.560755358,10.86903598,-2.308280623
2,3,1,10.414706,10.86903598,-0.454329985
2,2,1,6.776675875,10.86903598,-4.092360107
2,1,1,7.333913845,10.86903598,-3.535122136
2,3,1,13.52036554,10.86903598,2.651329555
2,2,1,8.468617571,10.86903598,-2.400418411
2,1,1,5.077231787,10.86903598,-5.791804195
2,3,1,14.00721502,10.86903598,3.138179041
2,3,1,13.6569439,10.86903598,2.787907916
2,2,1,13.18947484,10.86903598,2.320438861
2,3,1,18.11126003,10.86903598,7.242224053
2,3,1,9.502949865,10.86903598,-1.366086116
2,2,1,13.79022425,10.86903598,2.921188266
2,3,1,18.68737682,10.86903598,7.81834084
2,3,1,16.98320846,10.86903598,6.114172478
2,1,1,4.114199797,10.86903598,-6.754836185
2,3,1,14.15637638,10.86903598,3.287340394
2,3,1,15.70557634,10.86903598,4.836540362
2,2,1,11.44997641,10.86903598,0.580940429
2,3,1,13.0644724,10.86903598,2.195436415
2,1,1,5.215381699,10.86903598,-5.653654282
2,2,1,7.734513728,10.86903598,-3.134522253
2,2,1,8.044515303,10.86903598,-2.824520678
2,3,1,13.07228333,10.86903598,2.203247344
2,2,1,11.8546434,10.86903598,0.985607422
2,2,1,8.853002256,10.86903598,-2.016033726
2,1,1,10.50350247,10.86903598,-0.365533507
2,3,1,15.59812107,10.86903598,4.729085085
2,1,2,8.488191719,10.86903598,-2.380844262
2,1,2,12.02943804,10.86903598,1.160402054
2,2,2,12.46904029,10.86903598,1.600004305
2,1,2,9.55295373,10.86903598,-1.316082251
2,3,2,12.31231015,10.86903598,1.44327417
2,2,2,9.986522187,10.86903598,-0.882513795
2,2,2,9.552927751,10.86903598,-1.31610823
2,1,2,9.13418319,10.86903598,-1.734852792
2,3,2,9.562295157,10.86903598,-1.306740824
2,1,2,8.352402982,10.86903598,-2.516633
2,1,2,8.261752395,10.86903598,-2.607283587
2,2,2,13.20608036,10.86903598,2.337044381
2,3,2,19.44563765,10.86903598,8.576601666
2,1,2,8.453714136,10.86903598,-2.415321845
2,2,2,13.87836452,10.86903598,3.009328541
2,1,2,8.348338438,10.86903598,-2.520697544
2,1,2,10.07005621,10.86903598,-0.798979768
2,2,2,14.4742604,10.86903598,3.605224419
2,3,2,10.39219882,10.86903598,-0.47683716
2,1,2,7.951266526,10.86903598,-2.917769456
2,1,2,6.718824198,10.86903598,-4.150211784
2,1,2,10.13610818,10.86903598,-0.732927802
2,2,2,10.16365811,10.86903598,-0.705377873
2,3,2,17.50126029,10.86903598,6.632224306
2,1,2,10.30557814,10.86903598,-0.563457841
2,2,2,8.846724711,10.86903598,-2.02231127
2,3,2,10.06762255,10.86903598,-0.801413427
2,2,2,10.13656072,10.86903598,-0.73247526
2,1,2,11.80476045,10.86903598,0.935724471
2,1,2,9.797338883,10.86903598,-1.071697098
2,3,2,20.01277478,10.86903598,9.143738803
2,1,2,9.636284738,10.86903598,-1.232751243
2,1,2,8.885409881,10.86903598,-1.9836261
2,2,2,9.933235063,10.86903598,-0.935800918
2,2,2,8.996554134,10.86903598,-1.872481847
3,3,1,15.82932604,18.89456603,-3.065239994
3,2,1,10.48823694,18.89456603,-8.406329092
3,3,1,15.60300089,18.89456603,-3.291565141
3,1,1,11.39869734,18.89456603,-7.495868688
3,3,1,16.57027383,18.89456603,-2.324292208
3,2,1,14.42038892,18.89456603,-4.474177116
3,1,1,10.24818317,18.89456603,-8.646382858
3,3,1,17.23761177,18.89456603,-1.656954265
3,3,1,22.07173809,18.89456603,3.177172061
3,2,1,11.18347665,18.89456603,-7.711089384
3,1,1,9.832853048,18.89456603,-9.061712985
3,3,1,19.60640603,18.89456603,0.711839993
3,2,1,16.15266367,18.89456603,-2.741902366
3,1,1,11.16499072,18.89456603,-7.729575313
3,3,1,22.64426116,18.89456603,3.749695128
3,3,1,22.22747077,18.89456603,3.332904742
3,2,1,14.98518284,18.89456603,-3.909383193
3,3,1,23.1461552,18.89456603,4.251589168
3,3,1,19.20614194,18.89456603,0.311575909
3,2,1,15.43766571,18.89456603,-3.456900319
3,3,1,19.71132149,18.89456603,0.816755452
3,3,1,21.21940102,18.89456603,2.324834988
3,1,1,14.47280463,18.89456603,-4.421761402
3,3,1,24.21143999,18.89456603,5.31687396
3,3,1,20.29074238,18.89456603,1.396176345
3,2,1,14.00800208,18.89456603,-4.886563952
3,3,1,18.44263021,18.89456603,-0.451935821
3,1,2,7.928689432,18.89456603,-10.9658766
3,1,2,11.93622358,18.89456603,-6.958342457
3,2,2,20.67545035,18.89456603,1.780884321
3,1,2,17.30190424,18.89456603,-1.592661794
3,3,2,28.53101039,18.89456603,9.636444356
3,2,2,21.88073949,18.89456603,2.986173455
3,2,2,21.61875008,18.89456603,2.724184045
3,1,2,18.00258761,18.89456603,-0.891978426
3,3,2,30.74022519,18.89456603,11.84565916
3,1,2,19.59123703,18.89456603,0.696670999
3,1,2,19.54550041,18.89456603,0.650934376
3,2,2,19.75599491,18.89456603,0.861428873
3,3,2,31.00868041,18.89456603,12.11411438
3,1,2,18.50613723,18.89456603,-0.388428806
3,2,2,20.33542959,18.89456603,1.440863557
3,1,2,17.99440656,18.89456603,-0.900159472
3,1,2,22.1421192,18.89456603,3.247553168
3,2,2,20.4682946,18.89456603,1.573728568
3,3,2,29.98433228,18.89456603,11.08976625
3,1,2,18.58308742,18.89456603,-0.311478615
3,1,2,15.76214448,18.89456603,-3.132421552
3,1,2,17.46092723,18.89456603,-1.433638799
3,2,2,23.21909697,18.89456603,4.324530941
4,3,1,8.935625588,17.28619419,-8.350568599
4,2,1,4.575149344,17.28619419,-12.71104484
4,3,1,11.74969997,17.28619419,-5.536494221
4,1,1,4.668587142,17.28619419,-12.61760704
4,3,1,14.23495387,17.28619419,-3.051240316
4,2,1,8.944685947,17.28619419,-8.34150824
4,1,1,8.389793642,17.28619419,-8.896400545
4,3,1,16.95024436,17.28619419,-0.33594983
4,3,1,19.31061508,17.28619419,2.024420898
4,2,1,16.01994177,17.28619419,-1.266252417
4,1,1,7.905400551,17.28619419,-9.380793636
4,3,1,18.02929014,17.28619419,0.743095949
4,2,1,7.699372157,17.28619419,-9.58682203
4,1,1,11.61531095,17.28619419,-5.670883239
4,3,1,17.52530005,17.28619419,0.239105863
4,3,1,19.48417436,17.28619419,2.197980172
4,2,1,15.81825369,17.28619419,-1.467940498
4,3,1,19.7730154,17.28619419,2.48682121
4,3,1,13.78250231,17.28619419,-3.503691873
4,2,1,11.98236806,17.28619419,-5.303826127
4,3,1,14.36966746,17.28619419,-2.916526729
4,3,1,17.14179702,17.28619419,-0.144397163
4,1,1,8.099962219,17.28619419,-9.186231968
4,3,1,12.95538775,17.28619419,-4.330806432
4,3,1,17.00632557,17.28619419,-0.279868613
4,2,1,12.15638148,17.28619419,-5.129812711
4,3,1,21.00847504,17.28619419,3.722280857
4,1,1,11.21577477,17.28619419,-6.070419412
4,2,1,15.05724255,17.28619419,-2.228951641
4,2,1,12.95072448,17.28619419,-4.335469711
4,3,1,20.04556222,17.28619419,2.759368033
4,1,2,17.77576686,17.28619419,0.489572672
4,1,2,13.74478685,17.28619419,-3.541407341
4,2,2,16.76664075,17.28619419,-0.519553434
4,1,2,16.16227119,17.28619419,-1.123922997
4,3,2,23.06115085,17.28619419,5.774956662
4,2,2,25.30515257,17.28619419,8.018958383
4,2,2,16.64634773,17.28619419,-0.639846458
4,1,2,21.14588942,17.28619419,3.859695232
4,3,2,27.25046232,17.28619419,9.964268132
4,1,2,18.87252957,17.28619419,1.586335382
4,1,2,17.98360219,17.28619419,0.697408007
4,2,2,22.84636069,17.28619419,5.560166499
4,3,2,27.79287153,17.28619419,10.50667735
4,1,2,21.06755179,17.28619419,3.781357605
4,2,2,23.75652554,17.28619419,6.470331356
4,1,2,21.77489033,17.28619419,4.488696143
4,1,2,18.65078073,17.28619419,1.364586543
4,2,2,22.66520418,17.28619419,5.379009994
4,3,2,29.04170459,17.28619419,11.75551041
4,1,2,17.64439294,17.28619419,0.35819875
4,1,2,19.35126194,17.28619419,2.065067753
4,1,2,19.6537057,17.28619419,2.367511516
4,2,2,22.8352955,17.28619419,5.549101316
5,3,1,4.899885759,8.629635414,-3.729749655
5,2,1,5.389039948,8.629635414,-3.240595466
5,3,1,6.127068247,8.629635414,-2.502567167
5,1,1,5.913073473,8.629635414,-2.716561941
5,3,1,11.56879202,8.629635414,2.939156604
5,2,1,5.11814227,8.629635414,-3.511493144
5,1,1,2.489709036,8.629635414,-6.139926378
5,3,1,11.05010619,8.629635414,2.420470777
5,3,1,14.63245956,8.629635414,6.002824148
5,2,1,10.90229854,8.629635414,2.272663127
5,1,1,8.828318866,8.629635414,0.198683452
5,3,1,6.376785853,8.629635414,-2.252849561
5,2,1,5.711108289,8.629635414,-2.918527125
5,1,1,3.710916498,8.629635414,-4.918718916
5,3,1,8.230034978,8.629635414,-0.399600436
5,3,1,7.745494997,8.629635414,-0.884140417
5,2,1,8.082229894,8.629635414,-0.54740552
5,3,1,8.418059396,8.629635414,-0.211576018
5,3,1,9.606753479,8.629635414,0.977118065
5,2,1,7.439632031,8.629635414,-1.190003383
5,3,1,9.761272209,8.629635414,1.131636795
5,3,1,10.8929444,8.629635414,2.263308988
5,1,1,5.849884124,8.629635414,-2.77975129
5,3,1,7.783423103,8.629635414,-0.846212311
5,3,1,6.711022656,8.629635414,-1.918612758
5,2,1,5.468141853,8.629635414,-3.161493561
5,3,1,11.29236576,8.629635414,2.662730344
5,1,1,6.301985453,8.629635414,-2.327649961
5,2,1,5.277278095,8.629635414,-3.352357319
5,2,1,6.428511362,8.629635414,-2.201124052
5,3,1,6.428193528,8.629635414,-2.201441886
5,2,1,5.472565554,8.629635414,-3.15706986
5,2,1,7.418277486,8.629635414,-1.211357928
5,1,1,5.514350005,8.629635414,-3.115285409
5,3,1,19.59420304,8.629635414,10.96456762
5,2,1,9.874392956,8.629635414,1.244757542
5,3,1,12.33346739,8.629635414,3.703831981
5,1,1,13.87755077,8.629635414,5.247915358
5,3,1,10.14514503,8.629635414,1.515509613
5,3,1,13.32574893,8.629635414,4.696113517
5,1,2,3.907885174,8.629635414,-4.72175024
5,1,2,5.478471304,8.629635414,-3.15116411
5,2,2,6.420778787,8.629635414,-2.208856627
5,1,2,6.573577171,8.629635414,-2.056058243
5,3,2,8.738460631,8.629635414,0.108825217
5,2,2,7.995450898,8.629635414,-0.634184516
5,2,2,9.232387143,8.629635414,0.602751729
5,1,2,4.830912213,8.629635414,-3.798723201
5,3,2,14.05784294,8.629635414,5.428207521
5,1,2,7.33375925,8.629635414,-1.295876164
5,1,2,7.814285733,8.629635414,-0.815349681
5,2,2,10.41379253,8.629635414,1.784157114
5,3,2,14.15253122,8.629635414,5.52289581
5,1,2,6.993363648,8.629635414,-1.636271766
5,2,2,11.40155222,8.629635414,2.77191681
5,1,2,10.07970133,8.629635414,1.450065918
5,1,2,7.04475657,8.629635414,-1.584878844
5,2,2,7.933404277,8.629635414,-0.696231137
5,3,2,10.13086654,8.629635414,1.501231128
5,1,2,5.193015473,8.629635414,-3.436619941
5,1,2,6.626704229,8.629635414,-2.002931185
5,1,2,3.104160132,8.629635414,-5.525475282
5,2,2,10.04755967,8.629635414,1.417924254
5,3,2,14.22062407,8.629635414,5.590988657
5,1,2,6.576682388,8.629635414,-2.052953026
5,2,2,9.147114893,8.629635414,0.517479479
5,2,2,10.44751631,8.629635414,1.817880893
5,1,2,4.006647257,8.629635414,-4.622988157
5,1,2,7.63834639,8.629635414,-0.991289024
5,3,2,18.5780121,8.629635414,9.948376682
5,1,2,8.293200273,8.629635414,-0.336435141
5,1,2,9.502252101,8.629635414,0.872616687
5,2,2,10.13889835,8.629635414,1.509262936
5,2,2,8.528436698,8.629635414,-0.101198716
5,1,2,8.770361112,8.629635414,0.140725698
5,2,2,8.939403678,8.629635414,0.309768264
5,3,2,8.395030048,8.629635414,-0.234605366
5,1,2,6.028348821,8.629635414,-2.601286593
5,1,2,7.365977566,8.629635414,-1.263657848
6,1,2,7.986658495,11.94416194,-3.957503441
6,1,2,10.18703701,11.94416194,-1.757124922
6,2,2,11.07972478,11.94416194,-0.864437156
6,1,2,8.785415622,11.94416194,-3.158746313
6,3,2,14.94123939,11.94416194,2.997077454
6,2,2,11.55478154,11.94416194,-0.389380396
6,2,2,9.448516472,11.94416194,-2.495645464
6,1,2,4.761540877,11.94416194,-7.182621059
6,3,2,11.61122075,11.94416194,-0.33294119
6,1,2,6.583429952,11.94416194,-5.360731984
6,1,2,6.466572309,11.94416194,-5.477589626
6,2,2,11.1055367,11.94416194,-0.838625233
6,3,2,16.97658646,11.94416194,5.032424521
6,1,2,8.796510131,11.94416194,-3.147651805
6,2,2,12.42219716,11.94416194,0.478035227
6,1,2,11.33784625,11.94416194,-0.606315685
6,1,2,10.43704319,11.94416194,-1.507118748
6,2,2,16.22587485,11.94416194,4.281712913
6,3,2,18.47996513,11.94416194,6.535803195
6,1,2,8.46397027,11.94416194,-3.480191665
6,1,2,7.58448257,11.94416194,-4.359679366
6,1,2,9.634213498,11.94416194,-2.309948437
6,2,2,15.04700156,11.94416194,3.102839625
6,3,2,17.5470014,11.94416194,5.602839465
6,1,2,8.334961011,11.94416194,-3.609200924
6,2,2,15.97573333,11.94416194,4.031571393
6,3,2,17.16631531,11.94416194,5.222153377
6,2,2,14.99122882,11.94416194,3.047066886
6,1,2,10.30558969,11.94416194,-1.63857225
6,1,2,13.42445122,11.94416194,1.48028928
6,3,2,18.68666578,11.94416194,6.742503839
6,1,2,10.4035265,11.94416194,-1.540635439
6,1,2,10.85234252,11.94416194,-1.091819411
6,3,1,17.16856616,11.94416194,5.224404223
6,2,1,15.8089334,11.94416194,3.864771466
6,3,1,16.25893611,11.94416194,4.314774176
6,1,1,5.548937936,11.94416194,-6.395223999
6,3,1,15.08456484,11.94416194,3.1404029
6,2,1,14.19079206,11.94416194,2.246630123
6,1,1,4.563797111,11.94416194,-7.380364825
6,3,1,17.02467014,11.94416194,5.080508207
6,3,1,17.59393497,11.94416194,5.649773032
6,2,1,12.18859958,11.94416194,0.244437649
6,1,1,4.564692895,11.94416194,-7.379469041
6,3,1,17.83169555,11.94416194,5.887533617
6,2,1,11.59358345,11.94416194,-0.350578482
6,1,1,8.836242787,11.94416194,-3.107919148
6,3,1,17.5270241,11.94416194,5.582862166
6,3,1,18.25999803,11.94416194,6.315836095
6,2,1,11.28344461,11.94416194,-0.660717327
6,3,1,17.00899344,11.94416194,5.064831505
6,3,1,15.21276427,11.94416194,3.26860233
6,2,1,11.15713264,11.94416194,-0.787029291
6,3,1,17.0921256,11.94416194,5.147963664
6,3,1,17.42908024,11.94416194,5.4849183
6,1,1,4.968433956,11.94416194,-6.97572798
6,3,1,10.03452762,11.94416194,-1.90963432
6,3,1,12.40085037,11.94416194,0.456688434
6,2,1,12.05631669,11.94416194,0.112154753
6,3,1,15.18002597,11.94416194,3.235864037
6,1,1,3.964055743,11.94416194,-7.980106192
6,2,1,9.01162627,11.94416194,-2.932535666
6,2,1,16.17575264,11.94416194,4.231590701
6,3,1,11.50112975,11.94416194,-0.443032183
6,2,1,4.619424562,11.94416194,-7.324737373
7,1,2,12.86453199,18.11475839,-5.250226408
7,2,2,15.23808676,18.11475839,-2.876671633
7,1,2,5.067524733,18.11475839,-13.04723366
7,3,2,13.49693692,18.11475839,-4.617821476
7,2,2,11.98867521,18.11475839,-6.126083183
7,2,2,17.61491774,18.11475839,-0.499840656
7,1,2,9.588299194,18.11475839,-8.526459201
7,3,2,22.66542739,18.11475839,4.550668992
7,1,2,14.10824843,18.11475839,-4.006509965
7,1,2,12.3887196,18.11475839,-5.726038795
7,2,2,16.26452249,18.11475839,-1.850235901
7,3,2,26.11863927,18.11475839,8.003880873
7,1,2,18.17780752,18.11475839,0.063049125
7,2,2,20.1127854,18.11475839,1.998027006
7,1,2,9.155724984,18.11475839,-8.959033411
7,1,2,13.3775045,18.11475839,-4.737253896
7,2,2,15.09150628,18.11475839,-3.023252115
7,3,2,25.27631105,18.11475839,7.161552655
7,1,2,12.7057768,18.11475839,-5.408981598
7,1,2,17.07436836,18.11475839,-1.040390038
7,1,2,15.02411401,18.11475839,-3.090644389
7,2,2,16.54598823,18.11475839,-1.568770164
7,3,2,27.18623232,18.11475839,9.071473921
7,1,2,28.87078612,18.11475839,10.75602772
7,2,2,18.34366131,18.11475839,0.228902915
7,3,1,29.98276682,18.11475839,11.86800843
7,2,1,20.68304383,18.11475839,2.568285436
7,3,1,26.54054521,18.11475839,8.425786818
7,1,1,14.02362554,18.11475839,-4.091132853
7,3,1,21.9645859,18.11475839,3.849827506
7,2,1,16.49279829,18.11475839,-1.621960107
7,1,1,11.68811641,18.11475839,-6.426641982
7,3,1,19.81782934,18.11475839,1.703070947
7,3,1,26.01162755,18.11475839,7.896869158
7,2,1,16.84620161,18.11475839,-1.268556785
7,1,1,11.69694949,18.11475839,-6.417808904
7,3,1,19.05428714,18.11475839,0.939528748
7,2,1,16.67581149,18.11475839,-1.438946905
7,1,1,16.84664132,18.11475839,-1.268117072
7,3,1,27.06948949,18.11475839,8.954731098
7,3,1,19.11189218,18.11475839,0.997133788
7,2,1,16.0256878,18.11475839,-2.089070593
7,3,1,23.79886008,18.11475839,5.684101685
7,3,1,24.98192011,18.11475839,6.867161713
7,2,1,15.93225365,18.11475839,-2.182504749
7,3,1,22.82635581,18.11475839,4.711597413
7,3,1,20.00044324,18.11475839,1.885684847
7,1,1,19.57894814,18.11475839,1.46418975
8,1,2,4.775857065,19.42906431,-14.65320724
8,1,2,11.65481589,19.42906431,-7.774248417
8,2,2,17.96089244,19.42906431,-1.468171871
8,1,2,12.74900471,19.42906431,-6.680059596
8,3,2,20.17969755,19.42906431,0.750633243
8,2,2,17.74619645,19.42906431,-1.682867861
8,2,2,22.00093716,19.42906431,2.571872851
8,1,2,10.23654632,19.42906431,-9.192517986
8,3,2,24.43357423,19.42906431,5.004509923
8,1,2,16.07003793,19.42906431,-3.359026375
8,1,2,18.62800266,19.42906431,-0.801061642
8,2,2,19.46219313,19.42906431,0.033128828
8,3,2,23.85100478,19.42906431,4.421940475
8,1,2,16.35920074,19.42906431,-3.069863566
8,2,2,18.62809247,19.42906431,-0.800971839
8,1,2,15.30839506,19.42906431,-4.120669242
8,1,2,18.40438091,19.42906431,-1.0246834
8,2,2,23.31101186,19.42906431,3.881947551
8,3,2,25.15086055,19.42906431,5.721796245
8,1,2,19.97934373,19.42906431,0.55027942
8,1,2,19.41212256,19.42906431,-0.016941748
8,1,2,24.19451054,19.42906431,4.765446234
8,2,2,24.23361009,19.42906431,4.80454578
8,3,2,28.28719997,19.42906431,8.858135667
8,3,1,22.91964468,19.42906431,3.490580369
8,2,1,15.82532564,19.42906431,-3.603738667
8,3,1,19.72936449,19.42906431,0.300300187
8,1,1,10.25345525,19.42906431,-9.17560906
8,3,1,20.34622871,19.42906431,0.917164404
8,2,1,15.24472063,19.42906431,-4.184343676
8,1,1,15.28939822,19.42906431,-4.139666086
8,3,1,19.09561188,19.42906431,-0.33345243
8,3,1,22.63201718,19.42906431,3.202952869
8,2,1,14.24053838,19.42906431,-5.188525926
8,1,1,12.31651004,19.42906431,-7.112554266
8,3,1,19.01215867,19.42906431,-0.416905634
8,2,1,16.47595351,19.42906431,-2.9531108
8,1,1,23.57039121,19.42906431,4.141326903
8,3,1,21.88096368,19.42906431,2.451899368
8,3,1,24.08661427,19.42906431,4.65754996
8,2,1,19.71795856,19.42906431,0.288894255
8,3,1,21.88351664,19.42906431,2.454452337
8,3,1,22.53599285,19.42906431,3.10692854
8,2,1,22.34875666,19.42906431,2.919692356
8,3,1,32.86502334,19.42906431,13.43595903
8,3,1,23.14827198,19.42906431,3.719207677
8,1,1,19.81280551,19.42906431,0.383741203
9,1,2,10.70573478,13.07178792,-2.366053136
9,1,2,12.18296445,13.07178792,-0.888823466
9,2,2,13.15070276,13.07178792,0.078914838
9,1,2,10.66211719,13.07178792,-2.409670731
9,3,2,18.8723984,13.07178792,5.800610484
9,2,2,13.79245906,13.07178792,0.720671139
9,2,2,12.82149106,13.07178792,-0.250296862
9,1,2,13.46724487,13.07178792,0.395456951
9,3,2,16.67128189,13.07178792,3.599493977
9,1,2,9.641363734,13.07178792,-3.430424184
9,1,2,11.73490213,13.07178792,-1.336885792
9,2,2,13.01351181,13.07178792,-0.058276108
9,3,2,20.52459589,13.07178792,7.452807977
9,1,2,10.49813001,13.07178792,-2.573657903
9,2,2,14.05243752,13.07178792,0.980649606
9,1,2,11.60277542,13.07178792,-1.469012495
9,1,2,15.53266372,13.07178792,2.460875807
9,2,2,15.71717118,13.07178792,2.645383265
9,3,2,22.27583574,13.07178792,9.204047819
9,1,2,11.26513283,13.07178792,-1.806655085
9,1,2,15.28378041,13.07178792,2.21199249
9,1,2,11.59446481,13.07178792,-1.477323113
9,2,2,14.33704412,13.07178792,1.2652562
9,3,2,19.43503898,13.07178792,6.363251062
9,1,2,11.54942448,13.07178792,-1.522363442
9,2,2,9.835775812,13.07178792,-3.236012106
9,3,2,19.79238497,13.07178792,6.720597052
9,2,2,14.52255416,13.07178792,1.450766244
9,1,2,10.7197822,13.07178792,-2.352005715
9,1,2,9.994017522,13.07178792,-3.077770395
9,3,1,11.53807435,13.07178792,-1.533713568
9,2,1,8.231293492,13.07178792,-4.840494425
9,3,1,15.62517034,13.07178792,2.553382427
9,1,1,5.215069313,13.07178792,-7.856718604
9,3,1,17.84941174,13.07178792,4.777623825
9,2,1,12.84463679,13.07178792,-0.227151124
9,1,1,11.05910924,13.07178792,-2.012678679
9,3,1,21.15353187,13.07178792,8.081743951
9,3,1,15.93222991,13.07178792,2.860441994
9,2,1,8.53188276,13.07178792,-4.539905158
9,1,1,5.812604095,13.07178792,-7.259183823
9,3,1,9.275388325,13.07178792,-3.796399592
9,2,1,8.979775422,13.07178792,-4.092012496
9,1,1,8.000081785,13.07178792,-5.071706133
9,3,1,16.29796863,13.07178792,3.226180708
9,3,1,22.39292462,13.07178792,9.321136703
9,2,1,11.89852496,13.07178792,-1.173262963
9,3,1,11.23179318,13.07178792,-1.839994736
9,3,1,13.27314069,13.07178792,0.201352769
9,2,1,8.976967478,13.07178792,-4.09482044
9,3,1,18.22242866,13.07178792,5.150640744
9,3,1,15.90902388,13.07178792,2.83723596
9,1,1,7.102450048,13.07178792,-5.96933787
9,3,1,16.98783074,13.07178792,3.916042826
9,3,1,16.04909172,13.07178792,2.977303806
9,2,1,8.801117341,13.07178792,-4.270670577
9,3,1,18.50675751,13.07178792,5.434969591
9,1,1,7.522455378,13.07178792,-5.549332539
9,2,1,12.75015611,13.07178792,-0.321631805
9,2,1,10.28710568,13.07178792,-2.784682237
9,3,1,16.15336509,13.07178792,3.081577174
9,2,1,9.947199416,13.07178792,-3.124588502
10,1,2,15.5762361,29.1752937,-13.5990576
10,1,2,24.69533689,29.1752937,-4.479956812
10,2,2,29.56587829,29.1752937,0.390584594
10,1,2,23.96073913,29.1752937,-5.21455457
10,3,2,26.14596277,29.1752937,-3.029330934
10,2,2,25.71265025,29.1752937,-3.462643452
10,2,2,27.13133804,29.1752937,-2.043955659
10,1,2,17.65483738,29.1752937,-11.52045632
10,3,2,38.14090462,29.1752937,8.965610917
10,1,2,32.93520495,29.1752937,3.759911255
10,1,2,25.17873345,29.1752937,-3.996560248
10,2,2,37.92384873,29.1752937,8.748555035
10,3,2,41.57753471,29.1752937,12.40224101
10,1,2,30.20085864,29.1752937,1.025564945
10,2,2,32.91934512,29.1752937,3.744051419
10,1,2,25.40716897,29.1752937,-3.768124733
10,1,2,32.15118641,29.1752937,2.975892709
10,2,2,42.65608692,29.1752937,13.48079322
10,3,1,31.28747259,29.1752937,2.112178891
10,2,1,31.40682804,29.1752937,2.231534337
10,3,1,42.0611731,29.1752937,12.8858794
10,1,1,24.84436129,29.1752937,-4.330932408
10,3,1,32.83800613,29.1752937,3.662712432
10,2,1,32.7276608,29.1752937,3.552367105
10,1,1,25.24650097,29.1752937,-3.928792726
10,3,1,32.88258013,29.1752937,3.707286428
10,3,1,37.33998388,29.1752937,8.164690181
10,2,1,26.55134145,29.1752937,-2.623952252
10,1,1,16.92159917,29.1752937,-12.25369453
10,3,1,40.66077111,29.1752937,11.48547741
10,2,1,22.1671399,29.1752937,-7.008153804
10,1,1,16.82447155,29.1752937,-12.35082215
10,3,1,33.77513159,29.1752937,4.599837886
10,3,1,31.16575725,29.1752937,1.990463552
10,2,1,15.12108319,29.1752937,-14.05421051
11,3,1,3.751520476,9.250789489,-5.499269014
11,2,1,2.646017449,9.250789489,-6.60477204
11,3,1,6.070561996,9.250789489,-3.180227493
11,1,1,2.446284228,9.250789489,-6.804505261
11,3,1,8.834125042,9.250789489,-0.416664447
11,2,1,3.664222424,9.250789489,-5.586567065
11,1,1,1.945702915,9.250789489,-7.305086575
11,3,1,11.71207455,9.250789489,2.461285057
11,3,1,10.95427589,9.250789489,1.703486396
11,2,1,6.416678133,9.250789489,-2.834111357
11,1,1,3.402829561,9.250789489,-5.847959928
11,3,1,10.93767518,9.250789489,1.686885687
11,2,1,6.966995826,9.250789489,-2.283793663
11,1,1,3.052868898,9.250789489,-6.197920591
11,3,1,11.55684637,9.250789489,2.306056876
11,3,1,11.70379087,9.250789489,2.45300138
11,2,1,8.821077,9.250789489,-0.429712489
11,3,1,11.03768419,9.250789489,1.786894699
11,3,1,9.592139872,9.250789489,0.341350383
11,2,1,5.484322496,9.250789489,-3.766466993
11,3,1,9.185588621,9.250789489,-0.065200868
11,3,1,12.18253244,9.250789489,2.931742946
11,1,1,4.013752674,9.250789489,-5.237036815
11,3,1,8.868757856,9.250789489,-0.382031634
11,3,1,8.668712569,9.250789489,-0.58207692
11,2,1,6.387429966,9.250789489,-2.863359524
11,3,1,13.2231705,9.250789489,3.972381009
11,1,1,3.446959995,9.250789489,-5.803829494
11,2,1,3.851013121,9.250789489,-5.399776368
11,2,1,5.415533787,9.250789489,-3.835255702
11,3,1,18.68723121,9.250789489,9.436441723
11,2,1,5.374412072,9.250789489,-3.876377418
11,2,1,8.818953482,9.250789489,-0.431836007
11,1,1,3.649666655,9.250789489,-5.601122834
11,3,1,17.17369519,9.250789489,7.922905698
11,3,1,14.30631933,9.250789489,5.055529845
11,2,1,8.218343912,9.250789489,-1.032445577
11,3,1,16.39261961,9.250789489,7.141830123
11,1,1,4.915411751,9.250789489,-4.335377738
11,3,1,17.3016669,9.250789489,8.050877413
11,3,1,13.22290494,9.250789489,3.972115449
11,1,2,4.959258023,9.250789489,-4.291531467
11,1,2,5.198519278,9.250789489,-4.052270211
11,2,2,9.986720394,9.250789489,0.735930905
11,1,2,8.855163619,9.250789489,-0.39562587
11,3,2,21.04849229,9.250789489,11.7977028
11,2,2,10.53707754,9.250789489,1.286288048
11,2,2,9.886710741,9.250789489,0.635921251
11,1,2,4.725975075,9.250789489,-4.524814414
11,3,2,15.25830236,9.250789489,6.00751287
11,1,2,6.744541186,9.250789489,-2.506248304
11,1,2,5.420949865,9.250789489,-3.829839625
11,2,2,11.78845705,9.250789489,2.537667565
11,3,2,21.41410752,9.250789489,12.16331803
11,1,2,6.116369499,9.250789489,-3.13441999
11,2,2,10.75836121,9.250789489,1.507571723
11,1,2,5.60998788,9.250789489,-3.640801609
11,1,2,5.199918279,9.250789489,-4.05087121
11,2,2,11.94526609,9.250789489,2.694476598
11,3,2,16.5932499,9.250789489,7.342460411
11,1,2,5.248790307,9.250789489,-4.001999183
11,1,2,5.501954657,9.250789489,-3.748834833
11,1,2,5.954175178,9.250789489,-3.296614311
11,2,2,9.857302211,9.250789489,0.606512722
11,3,2,13.60522736,9.250789489,4.354437874
11,1,2,4.055256373,9.250789489,-5.195533116
11,2,2,10.35181317,9.250789489,1.10102368
11,3,2,15.44612066,9.250789489,6.195331169
11,2,2,12.16902576,9.250789489,2.918236268
11,1,2,5.366124225,9.250789489,-3.884665264
11,1,2,8.9853153,9.250789489,-0.26547419
11,3,2,18.82442055,9.250789489,9.573631065
11,1,2,5.865999944,9.250789489,-3.384789545
11,1,2,5.915242409,9.250789489,-3.335547081
11,2,2,12.65237293,9.250789489,3.40158344
11,2,2,10.7846725,9.250789489,1.533883014
11,1,2,5.397541774,9.250789489,-3.853247716
11,2,2,11.18993797,9.250789489,1.939148479
11,3,2,18.80024593,9.250789489,9.549456442
12,3,1,11.81448739,17.7975699,-5.983082508
12,2,1,11.007402,17.7975699,-6.790167893
12,3,1,14.22401208,17.7975699,-3.573557818
12,1,1,7.882307832,17.7975699,-9.915262066
12,3,1,14.03724095,17.7975699,-3.760328951
12,2,1,10.70391948,17.7975699,-7.093650418
12,1,1,7.534315777,17.7975699,-10.26325412
12,3,1,16.34255128,17.7975699,-1.455018617
12,3,1,15.49740261,17.7975699,-2.300167287
12,2,1,9.4605228,17.7975699,-8.337047098
12,1,1,11.24556767,17.7975699,-6.552002233
12,3,1,15.12477409,17.7975699,-2.672795809
12,2,1,16.9775249,17.7975699,-0.820045001
12,1,1,11.40475551,17.7975699,-6.392814385
12,3,1,18.07776772,17.7975699,0.28019782
12,3,1,13.67339579,17.7975699,-4.124174107
12,2,1,7.828961375,17.7975699,-9.968608523
12,3,1,21.11384604,17.7975699,3.316276139
12,3,1,28.31048683,17.7975699,10.51291693
12,2,1,19.59576438,17.7975699,1.798194483
12,3,1,18.87843572,17.7975699,1.080865825
12,3,1,15.99198285,17.7975699,-1.805587053
12,1,1,12.85264369,17.7975699,-4.944926213
12,3,1,25.54300357,17.7975699,7.745433669
12,3,1,23.56606143,17.7975699,5.768491529
12,2,1,21.50320452,17.7975699,3.705634623
12,3,1,16.08837825,17.7975699,-1.709191646
12,1,1,11.10765926,17.7975699,-6.68991064
12,1,2,11.49038804,17.7975699,-6.307181857
12,1,2,9.548438568,17.7975699,-8.24913133
12,2,2,15.48006937,17.7975699,-2.317500532
12,1,2,20.46321689,17.7975699,2.66564699
12,3,2,24.23337179,17.7975699,6.43580189
12,2,2,21.75735189,17.7975699,3.959781994
12,2,2,21.26394102,17.7975699,3.466371122
12,1,2,12.70771109,17.7975699,-5.089858811
12,3,2,27.92753226,17.7975699,10.12996236
12,1,2,17.214543,17.7975699,-0.583026894
12,1,2,15.32065477,17.7975699,-2.476915132
12,2,2,24.90101538,17.7975699,7.103445484
12,3,2,30.38957882,17.7975699,12.59200892
12,1,2,20.56334136,17.7975699,2.765771463
12,2,2,23.61624843,17.7975699,5.818678528
12,1,2,16.50537198,17.7975699,-1.29219792
12,1,2,17.94529944,17.7975699,0.147729545
12,2,2,22.95225532,17.7975699,5.154685422
12,3,2,27.95378389,17.7975699,10.156214
12,1,2,18.04393094,17.7975699,0.246361045
12,1,2,11.11747247,17.7975699,-6.680097427
12,1,2,15.09157267,17.7975699,-2.705997228
12,2,2,24.98613988,17.7975699,7.188569985
12,3,2,24.77602288,17.7975699,6.978452981
13,3,1,21.87174027,16.442236,5.429504273
13,2,1,26.5523575,16.442236,10.1101215
13,3,1,28.97135544,16.442236,12.52911944
13,1,1,19.17068936,16.442236,2.728453355
13,3,1,21.94785466,16.442236,5.505618655
13,2,1,16.01447847,16.442236,-0.427757527
13,1,1,12.62236753,16.442236,-3.81986847
13,3,1,11.85484225,16.442236,-4.587393748
13,3,1,14.35739185,16.442236,-2.084844147
13,2,1,12.03708507,16.442236,-4.405150927
13,1,1,7.250790346,16.442236,-9.191445656
13,3,1,19.19541402,16.442236,2.75317802
13,2,1,12.39645548,16.442236,-4.045780522
13,1,1,5.298924065,16.442236,-11.14331194
13,3,1,16.48169961,16.442236,0.039463608
13,3,1,18.31130757,16.442236,1.869071564
13,2,1,10.80946388,16.442236,-5.632772122
13,3,1,12.65231744,16.442236,-3.789918557
13,3,1,21.5141624,16.442236,5.071926399
13,2,1,11.35450052,16.442236,-5.08773548
13,3,1,19.14529245,16.442236,2.70305645
13,3,1,11.64719707,16.442236,-4.795038927
13,1,1,7.53397613,16.442236,-8.908259872
13,3,1,23.01572962,16.442236,6.57349362
13,3,1,15.86897114,16.442236,-0.573264864
13,2,1,8.201384953,16.442236,-8.240851048
13,3,1,18.95612871,16.442236,2.513892711
13,1,1,4.04871391,16.442236,-12.39352209
13,1,2,12.28703224,16.442236,-4.155203766
13,1,2,14.49885838,16.442236,-1.943377621
13,2,2,20.80475853,16.442236,4.362522527
13,1,2,12.40551435,16.442236,-4.036721654
13,2,2,18.67808799,16.442236,2.235851992
13,2,2,18.53536102,16.442236,2.093125017
13,1,2,21.27614427,16.442236,4.833908272
13,3,2,31.39037229,16.442236,14.94813629
13,1,2,16.97654252,16.442236,0.534306516
13,1,2,21.12474458,16.442236,4.682508581
13,2,2,18.11140051,16.442236,1.66916451
13,3,2,22.21479445,16.442236,5.772558451
13,1,2,12.65571199,16.442236,-3.786524007
13,2,2,15.85522327,16.442236,-0.587012727
13,1,2,6.782600622,16.442236,-9.65963538
13,1,2,12.73908566,16.442236,-3.703150343
13,2,2,15.72545967,16.442236,-0.716776331
13,3,2,22.30058798,16.442236,5.858351983
13,1,2,12.55875307,16.442236,-3.883482928
13,1,2,11.17099148,16.442236,-5.271244523
13,1,2,12.45122371,16.442236,-3.991012292
13,2,2,17.17672283,16.442236,0.734486827
13,3,2,26.42079335,16.442236,9.97855735
13,1,2,12.50570425,16.442236,-3.936531753
13,2,2,19.07848325,16.442236,2.636247253
13,3,2,23.86747335,16.442236,7.425237352
14,3,1,13.63102518,20.74952577,-7.118500589
14,2,1,18.79485227,20.74952577,-1.954673494
14,3,1,20.36955597,20.74952577,-0.379969794
14,1,1,11.50125274,20.74952577,-9.248273023
14,3,1,19.08931968,20.74952577,-1.66020609
14,2,1,18.44472664,20.74952577,-2.304799121
14,1,1,9.586390195,20.74952577,-11.16313557
14,3,1,13.82357492,20.74952577,-6.925950849
14,3,1,17.076205,20.74952577,-3.673320763
14,2,1,13.10614511,20.74952577,-7.643380654
14,1,1,10.90407953,20.74952577,-9.845446237
14,3,1,13.27418426,20.74952577,-7.475341508
14,2,1,15.25831875,20.74952577,-5.49120702
14,1,1,9.586542218,20.74952577,-11.16298355
14,3,1,19.54551986,20.74952577,-1.20400591
14,3,1,20.8576129,20.74952577,0.108087133
14,2,1,17.24444171,20.74952577,-3.505084051
14,3,1,14.48154658,20.74952577,-6.26797919
14,3,1,17.07632175,20.74952577,-3.67320402
14,2,1,17.44365864,20.74952577,-3.305867128
14,3,1,24.80083407,20.74952577,4.051308305
14,3,1,21.13043665,20.74952577,0.380910885
14,1,1,13.22899699,20.74952577,-7.520528775
14,3,1,21.94212526,20.74952577,1.192599497
14,3,1,26.96833344,20.74952577,6.218807675
14,2,1,14.6075425,20.74952577,-6.141983265
14,1,2,17.66453557,20.74952577,-3.084990195
14,1,2,24.8369327,20.74952577,4.087406932
14,2,2,28.25371862,20.74952577,7.504192854
14,1,2,28.78384154,20.74952577,8.034315774
14,3,2,27.14910143,20.74952577,6.399575665
14,2,2,19.26101089,20.74952577,-1.488514874
14,2,2,20.17973109,20.74952577,-0.569794673
14,1,2,27.20283756,20.74952577,6.453311796
14,3,2,34.39102162,20.74952577,13.64149586
14,1,2,29.08814038,20.74952577,8.338614613
14,1,2,23.14953056,20.74952577,2.400004792
14,2,2,26.87242708,20.74952577,6.122901316
14,3,2,35.14336306,20.74952577,14.39383729
14,1,2,24.40132003,20.74952577,3.651794265
14,2,2,25.58551013,20.74952577,4.835984366
14,1,2,24.03330032,20.74952577,3.283774554
14,1,2,24.1648332,20.74952577,3.415307436
14,2,2,25.7528918,20.74952577,5.00336603
14,3,2,19.82889154,20.74952577,-0.920634229
15,3,1,8.736529806,21.48517525,-12.74864545
15,2,1,10.58840241,21.48517525,-10.89677285
15,3,1,15.19802287,21.48517525,-6.287152382
15,1,1,9.135724728,21.48517525,-12.34945053
15,3,1,16.6004077,21.48517525,-4.884767552
15,2,1,17.43448725,21.48517525,-4.050688004
15,1,1,18.36097696,21.48517525,-3.124198295
15,3,1,21.5944336,21.48517525,0.109258345
15,3,1,28.37158935,21.48517525,6.886414099
15,2,1,17.63068778,21.48517525,-3.854487478
15,1,1,15.07517741,21.48517525,-6.409997847
15,3,1,22.26471781,21.48517525,0.779542551
15,2,1,23.04894036,21.48517525,1.563765109
15,1,1,15.97563213,21.48517525,-5.509543127
15,3,1,25.39873885,21.48517525,3.913563599
15,3,1,24.90708214,21.48517525,3.42190688
15,2,1,19.02861232,21.48517525,-2.456562939
15,3,1,25.72464895,21.48517525,4.239473698
15,3,1,29.38027453,21.48517525,7.895099271
15,2,1,24.55007476,21.48517525,3.064899505
15,3,1,29.98865636,21.48517525,8.503481103
15,3,1,28.06322632,21.48517525,6.578051062
15,1,1,17.99418498,21.48517525,-3.490990279
15,1,2,18.02494261,21.48517525,-3.460232648
15,1,2,18.19405393,21.48517525,-3.291121326
15,2,2,21.88102662,21.48517525,0.395851366
15,1,2,16.05906847,21.48517525,-5.426106788
15,3,2,27.06953878,21.48517525,5.584363526
15,2,2,22.53172044,21.48517525,1.046545185
15,2,2,22.0815893,21.48517525,0.596414042
15,1,2,19.09368022,21.48517525,-2.391495032
15,3,2,28.13696657,21.48517525,6.651791311
15,1,2,19.38498947,21.48517525,-2.100185784
15,1,2,18.24424415,21.48517525,-3.240931105
15,2,2,22.06123078,21.48517525,0.576055525
15,3,2,30.28838233,21.48517525,8.803207077
15,1,2,17.60459121,21.48517525,-3.880584045
15,2,2,23.13231192,21.48517525,1.647136662
15,1,2,26.90473701,21.48517525,5.419561756
15,1,2,20.26282554,21.48517525,-1.222349713
15,2,2,25.14191339,21.48517525,3.656738138
15,3,2,29.98032655,21.48517525,8.495151292
15,1,2,22.9449829,21.48517525,1.459807647
15,1,2,25.44208453,21.48517525,3.956909276
16,1,2,7.993052184,16.61137529,-8.618323102
16,1,2,10.60063766,16.61137529,-6.010737625
16,2,2,14.59146948,16.61137529,-2.019905804
16,1,2,14.11897242,16.61137529,-2.492402868
16,3,2,16.52791699,16.61137529,-0.083458296
16,2,2,14.90764404,16.61137529,-1.703731244
16,2,2,15.1712932,16.61137529,-1.440082087
16,1,2,14.23461253,16.61137529,-2.37676276
16,3,2,14.66817738,16.61137529,-1.943197908
16,1,2,17.95493365,16.61137529,1.34355836
16,1,2,12.26900972,16.61137529,-4.342365568
16,2,2,12.16590923,16.61137529,-4.445466059
16,3,2,22.3765875,16.61137529,5.765212212
16,1,2,11.33363727,16.61137529,-5.277738014
16,2,2,16.38706904,16.61137529,-0.224306249
16,1,2,16.5367157,16.61137529,-0.074659589
16,1,2,15.07774768,16.61137529,-1.533627606
16,2,2,14.82440046,16.61137529,-1.786974829
16,3,2,20.71742211,16.61137529,4.106046822
16,1,2,14.4247004,16.61137529,-2.186674889
16,1,2,14.6757846,16.61137529,-1.935590685
16,1,2,27.04897725,16.61137529,10.43760196
16,3,2,22.02767196,16.61137529,5.416296672
16,1,2,22.11782615,16.61137529,5.506450869
16,2,2,23.24785356,16.61137529,6.636478278
16,3,2,20.29516754,16.61137529,3.683792257
16,3,1,20.13589311,16.61137529,3.524517821
16,2,1,17.54495378,16.61137529,0.933578495
16,3,1,15.4382814,16.61137529,-1.173093885
16,1,1,11.04034628,16.61137529,-5.571029008
16,3,1,17.96419195,16.61137529,1.352816663
16,2,1,16.30609136,16.61137529,-0.305283927
16,1,1,8.144765581,16.61137529,-8.466609705
16,3,1,20.0428152,16.61137529,3.431439916
16,3,1,22.40267059,16.61137529,5.791295309
16,2,1,20.8326735,16.61137529,4.221298214
16,1,1,19.47205703,16.61137529,2.860681747
16,3,1,18.94596624,16.61137529,2.334590953
16,2,1,21.05810309,16.61137529,4.446727806
16,1,1,10.48810055,16.61137529,-6.12327474
16,3,1,12.71418954,16.61137529,-3.897185742
16,3,1,23.7916072,16.61137529,7.180231914
16,2,1,14.75841849,16.61137529,-1.852956795
16,3,1,16.89742646,16.61137529,0.286051171
16,3,1,16.63728601,16.61137529,0.02591072
16,2,1,17.61137963,16.61137529,1.000004342
16,3,1,17.44512274,16.61137529,0.833747452
16,3,1,16.85626009,16.61137529,0.244884805
16,1,1,17.00436536,16.61137529,0.392990072
16,3,1,18.34441933,16.61137529,1.733044043
16,3,1,16.38928683,16.61137529,-0.222088451
16,2,1,15.78631431,16.61137529,-0.825060973
17,1,2,20.04596823,18.81186857,1.23409966
17,2,2,29.96628338,18.81186857,11.15441482
17,1,2,24.86723234,18.81186857,6.05536377
17,3,2,33.9409094,18.81186857,15.12904084
17,2,2,23.68279111,18.81186857,4.870922543
17,2,2,21.48065689,18.81186857,2.668788325
17,1,2,21.0391038,18.81186857,2.227235232
17,3,2,20.68063072,18.81186857,1.868762154
17,1,2,15.77522917,18.81186857,-3.036639394
17,1,2,18.25307268,18.81186857,-0.558795882
17,2,2,25.2866267,18.81186857,6.47475813
17,3,2,26.75228499,18.81186857,7.940416423
17,1,2,12.92245245,18.81186857,-5.889416115
17,2,2,18.36040992,18.81186857,-0.451458644
17,1,2,17.27781516,18.81186857,-1.534053406
17,1,2,21.6305566,18.81186857,2.818688035
17,2,2,30.32235649,18.81186857,11.51048792
17,3,2,16.47421261,18.81186857,-2.337655957
17,1,2,13.12070207,18.81186857,-5.691166491
17,1,2,11.13750795,18.81186857,-7.67436062
17,1,2,13.87703587,18.81186857,-4.934832698
17,2,2,14.12913227,18.81186857,-4.682736294
17,3,2,26.79097634,18.81186857,7.979107772
17,3,1,22.00162029,18.81186857,3.189751725
17,2,1,18.34723367,18.81186857,-0.464634896
17,3,1,18.58437926,18.81186857,-0.227489303
17,1,1,13.17624291,18.81186857,-5.635625653
17,3,1,12.45673739,18.81186857,-6.355131176
17,2,1,13.49511635,18.81186857,-5.316752211
17,1,1,20.83017282,18.81186857,2.018304258
17,3,1,16.74312964,18.81186857,-2.068738928
17,3,1,16.59780921,18.81186857,-2.214059359
17,2,1,16.90733134,18.81186857,-1.904537229
17,1,1,10.3471336,18.81186857,-8.464734961
17,3,1,15.97535567,18.81186857,-2.836512901
17,2,1,14.87660033,18.81186857,-3.93526824
17,1,1,15.49389119,18.81186857,-3.317977372
17,3,1,16.36777917,18.81186857,-2.444089398
17,3,1,17.32669138,18.81186857,-1.485177187
17,2,1,12.64248107,18.81186857,-6.169387494
17,3,1,16.08218263,18.81186857,-2.729685933
17,3,1,22.31494491,18.81186857,3.503076343
17,2,1,28.95437238,18.81186857,10.14250381
17,3,1,14.10549725,18.81186857,-4.706371314
17,3,1,8.436002987,18.81186857,-10.37586558
17,1,1,12.62328967,18.81186857,-6.1885789
17,3,1,10.56700668,18.81186857,-8.244861891
17,3,1,12.6435603,18.81186857,-6.168308262
17,2,1,13.3562354,18.81186857,-5.455633171
17,3,1,18.64455936,18.81186857,-0.16730921
18,1,2,8.822564961,19.74344157,-10.92087661
18,1,2,12.00948986,19.74344157,-7.733951707
18,2,2,19.49551598,19.74344157,-0.247925596
18,1,2,19.19538236,19.74344157,-0.548059209
18,3,2,18.85153392,19.74344157,-0.891907651
18,2,2,21.26388489,19.74344157,1.520443317
18,2,2,20.91343469,19.74344157,1.169993118
18,1,2,15.31285604,19.74344157,-4.43058553
18,3,2,21.38711939,19.74344157,1.643677818
18,1,2,13.71547051,19.74344157,-6.027971062
18,1,2,19.35727197,19.74344157,-0.386169601
18,2,2,22.99878831,19.74344157,3.255346738
18,3,2,24.19977145,19.74344157,4.456329881
18,1,2,20.86290771,19.74344157,1.119466139
18,2,2,20.72984081,19.74344157,0.986399241
18,1,2,23.06564232,19.74344157,3.322200749
18,1,2,13.35701186,19.74344157,-6.386429707
18,2,2,18.07752734,19.74344157,-1.665914229
18,3,2,26.83652313,19.74344157,7.093081563
18,1,2,11.66635407,19.74344157,-8.077087503
18,1,2,12.28158077,19.74344157,-7.461860807
18,1,2,11.85688518,19.74344157,-7.886556393
18,2,2,16.4759583,19.74344157,-3.267483268
18,3,2,25.51786778,19.74344157,5.774426212
18,1,2,14.52596635,19.74344157,-5.217475218
18,2,1,15.69188777,19.74344157,-4.051553804
18,3,1,20.65988605,19.74344157,0.916444482
18,1,1,13.15626028,19.74344157,-6.587181289
18,3,1,26.00295033,19.74344157,6.259508757
18,2,1,19.39521539,19.74344157,-0.348226178
18,1,1,13.66764241,19.74344157,-6.07579916
18,3,1,29.72962497,19.74344157,9.986183394
18,3,1,23.16572,19.74344157,3.422278428
18,2,1,24.39640239,19.74344157,4.652960817
18,1,1,21.21220459,19.74344157,1.468763018
18,3,1,20.53703097,19.74344157,0.793589395
18,2,1,18.32763751,19.74344157,-1.41580406
18,1,1,19.91469994,19.74344157,0.17125837
18,3,1,18.22744213,19.74344157,-1.515999445
18,3,1,25.70263743,19.74344157,5.959195859
18,2,1,20.7133377,19.74344157,0.969896132
18,3,1,23.04873061,19.74344157,3.30528904
18,3,1,22.64842054,19.74344157,2.904978965
18,2,1,17.5800107,19.74344157,-2.163430873
18,3,1,25.70135775,19.74344157,5.957916176
18,3,1,18.81185218,19.74344157,-0.931589392
18,1,1,19.88048235,19.74344157,0.137040782
19,1,2,10.94364132,12.0055087,-1.061867379
19,1,2,8.036980934,12.0055087,-3.968527763
19,2,2,14.85803818,12.0055087,2.85252948
19,1,2,11.65446295,12.0055087,-0.351045745
19,3,2,19.61515069,12.0055087,7.609641987
19,2,2,12.93915184,12.0055087,0.933643145
19,2,2,12.17861466,12.0055087,0.17310596
19,1,2,5.676809309,12.0055087,-6.328699389
19,3,2,15.08881999,12.0055087,3.083311293
19,1,2,8.017895366,12.0055087,-3.987613332
19,1,2,7.434283913,12.0055087,-4.571224785
19,2,2,14.97468086,12.0055087,2.969172167
19,3,2,13.20640817,12.0055087,1.200899471
19,1,2,5.981440417,12.0055087,-6.024068281
19,2,2,12.38192304,12.0055087,0.376414343
19,1,2,6.016049607,12.0055087,-5.989459091
19,1,2,7.039291742,12.0055087,-4.966216956
19,2,2,16.70382026,12.0055087,4.698311559
19,3,2,20.57206415,12.0055087,8.566555454
19,1,2,9.197747372,12.0055087,-2.807761326
19,1,2,10.35352721,12.0055087,-1.651981485
19,1,2,10.73744515,12.0055087,-1.268063549
19,2,2,14.42418403,12.0055087,2.418675335
19,3,2,19.76323895,12.0055087,7.757730255
19,1,2,12.90613793,12.0055087,0.90062923
19,2,2,14.32326734,12.0055087,2.317758646
19,3,2,17.62674289,12.0055087,5.62123419
19,2,2,15.05791771,12.0055087,3.052409016
19,1,2,14.06368335,12.0055087,2.058174649
19,1,2,7.892153775,12.0055087,-4.113354923
19,3,2,18.3318996,12.0055087,6.326390898
19,1,2,9.352688202,12.0055087,-2.652820496
19,3,1,13.18397522,12.0055087,1.178466519
19,2,1,4.067911755,12.0055087,-7.937596943
19,3,1,11.2431213,12.0055087,-0.762387399
19,1,1,1.984724297,12.0055087,-10.0207844
19,3,1,14.08356302,12.0055087,2.078054326
19,2,1,9.052421809,12.0055087,-2.953086888
19,1,1,2.305971408,12.0055087,-9.69953729
19,3,1,12.88314307,12.0055087,0.877634372
19,3,1,12.97050345,12.0055087,0.964994753
19,2,1,12.60519898,12.0055087,0.599690282
19,1,1,7.466961389,12.0055087,-4.538547308
19,3,1,15.01229234,12.0055087,3.006783642
19,2,1,13.21816779,12.0055087,1.21265909
19,1,1,10.65597259,12.0055087,-1.349536103
19,3,1,15.38405072,12.0055087,3.378542017
19,3,1,18.63800218,12.0055087,6.632493482
19,2,1,11.70481706,12.0055087,-0.300691635
19,3,1,17.7872396,12.0055087,5.781730899
19,3,1,18.18814525,12.0055087,6.182636556
19,2,1,11.68830722,12.0055087,-0.317201479
19,3,1,17.62713064,12.0055087,5.621621943
19,3,1,17.2640661,12.0055087,5.258557399
19,1,1,5.315387507,12.0055087,-6.690121191
19,3,1,11.24099459,12.0055087,-0.764514111
19,3,1,12.60000969,12.0055087,0.594500988
19,2,1,8.915821509,12.0055087,-3.089687189
19,3,1,17.0217001,12.0055087,5.016191402
19,1,1,1.6937749,12.0055087,-10.3117338
19,2,1,12.45469888,12.0055087,0.449190179
19,2,1,12.13405889,12.0055087,0.128550196
19,3,1,16.02777459,12.0055087,4.022265891
19,2,1,13.30296944,12.0055087,1.297460746
19,2,1,12.15713329,12.0055087,0.151624593
20,1,2,8.281060874,18.26588316,-9.984822284
20,1,2,12.10518743,18.26588316,-6.160695724
20,2,2,13.42331038,18.26588316,-4.842572773
20,1,2,8.718595632,18.26588316,-9.547287525
20,3,2,25.64000349,18.26588316,7.374120332
20,2,2,26.03486673,18.26588316,7.768983573
20,2,2,9.202365138,18.26588316,-9.06351802
20,1,2,9.552643108,18.26588316,-8.713240049
20,3,2,23.79295584,18.26588316,5.527072681
20,1,2,15.75849995,18.26588316,-2.507383203
20,1,2,19.11900706,18.26588316,0.853123898
20,2,2,29.6359255,18.26588316,11.37004234
20,3,2,21.283762,18.26588316,3.017878843
20,1,2,16.77643284,18.26588316,-1.489450313
20,2,2,19.59564722,18.26588316,1.329764058
20,1,2,10.95450195,18.26588316,-7.311381205
20,1,2,16.94321829,18.26588316,-1.322664872
20,2,2,17.97735954,18.26588316,-0.288523616
20,1,2,14.45747826,18.26588316,-3.808404898
20,1,2,15.87548678,18.26588316,-2.390396381
20,1,2,27.66999523,18.26588316,9.404112077
20,2,2,37.17896809,18.26588316,18.91308494
20,3,2,45.09413918,18.26588316,26.82825602
20,3,1,37.25652526,18.26588316,18.99064211
20,2,1,22.29809767,18.26588316,4.032214508
20,3,1,22.15709641,18.26588316,3.89121325
20,1,1,16.61284533,18.26588316,-1.653037827
20,3,1,16.72634012,18.26588316,-1.539543034
20,2,1,19.74576373,18.26588316,1.479880576
20,1,1,3.697654042,18.26588316,-14.56822912
20,3,1,25.85820207,18.26588316,7.592318909
20,3,1,22.19817586,18.26588316,3.9322927
20,2,1,14.06707723,18.26588316,-4.198805923
20,1,1,3.347080365,18.26588316,-14.91880279
20,3,1,28.52084762,18.26588316,10.25496446
20,2,1,14.69116903,18.26588316,-3.57471413
20,1,1,12.35540055,18.26588316,-5.910482604
20,3,1,13.80682613,18.26588316,-4.459057023
20,3,1,19.44700859,18.26588316,1.18112543
20,2,1,9.753094493,18.26588316,-8.512788664
20,3,1,16.47597755,18.26588316,-1.789905611
20,3,1,18.47775114,18.26588316,0.211867986
20,2,1,14.65771059,18.26588316,-3.608172566
20,3,1,23.69053624,18.26588316,5.424653085
20,3,1,18.5436587,18.26588316,0.277775545
20,1,1,2.48827117,18.26588316,-15.77761199
20,3,1,13.54178151,18.26588316,-4.724101645
20,3,1,14.77458837,18.26588316,-3.491294789
20,2,1,13.80692556,18.26588316,-4.458957599
21,1,2,3.842115577,13.25649233,-9.414376752
21,1,2,6.883175142,13.25649233,-6.373317187
21,2,2,13.33977623,13.25649233,0.083283896
21,1,2,9.285881657,13.25649233,-3.970610672
21,3,2,15.90877651,13.25649233,2.652284184
21,2,2,11.95480504,13.25649233,-1.301687293
21,2,2,10.68723889,13.25649233,-2.569253438
21,1,2,6.569948665,13.25649233,-6.686543664
21,3,2,16.24235124,13.25649233,2.985858915
21,1,2,9.069159366,13.25649233,-4.187332963
21,1,2,10.14454428,13.25649233,-3.111948047
21,2,2,9.702780794,13.25649233,-3.553711535
21,3,2,16.20437414,13.25649233,2.947881816
21,1,2,9.786410529,13.25649233,-3.4700818
21,2,2,13.30644576,13.25649233,0.049953428
21,1,2,11.67173932,13.25649233,-1.584753005
21,1,2,7.884553929,13.25649233,-5.3719384
21,2,2,11.78831658,13.25649233,-1.468175745
21,3,2,15.42968154,13.25649233,2.173189212
21,1,2,10.30339216,13.25649233,-2.953100173
21,1,2,9.336005809,13.25649233,-3.92048652
21,1,2,10.97211156,13.25649233,-2.284380774
21,2,2,13.9905823,13.25649233,0.734089969
21,3,2,18.56095688,13.25649233,5.304464553
21,1,2,13.77352453,13.25649233,0.517032202
21,2,2,17.80894419,13.25649233,4.552451858
21,3,2,17.36405622,13.25649233,4.10756389
21,2,2,16.42590343,13.25649233,3.169411099
21,1,2,11.82159189,13.25649233,-1.434900441
21,1,2,10.36962813,13.25649233,-2.886864194
21,3,2,16.27587799,13.25649233,3.019385665
21,1,2,14.17019023,13.25649233,0.913697904
21,1,2,11.40461738,13.25649233,-1.851874948
21,3,1,11.0888511,13.25649233,-2.167641229
21,2,1,11.00941674,13.25649233,-2.247075589
21,3,1,12.60574838,13.25649233,-0.650743952
21,1,1,10.03597579,13.25649233,-3.22051654
21,3,1,17.43084961,13.25649233,4.174357285
21,2,1,14.37395565,13.25649233,1.117463317
21,1,1,6.049424655,13.25649233,-7.207067674
21,3,1,17.69379029,13.25649233,4.437297966
21,3,1,15.99519012,13.25649233,2.738697792
21,2,1,12.78830953,13.25649233,-0.468182801
21,1,1,9.210174415,13.25649233,-4.046317914
21,3,1,14.77455181,13.25649233,1.518059477
21,2,1,13.1709914,13.25649233,-0.08550093
21,1,1,8.322823463,13.25649233,-4.933668866
21,3,1,16.29170791,13.25649233,3.035215577
21,3,1,18.68362755,13.25649233,5.427135224
21,2,1,14.70776547,13.25649233,1.451273138
21,3,1,19.28972135,13.25649233,6.03322902
21,3,1,19.55329738,13.25649233,6.296805053
21,2,1,13.80690535,13.25649233,0.550413024
21,3,1,18.94390239,13.25649233,5.687410058
21,3,1,20.28977812,13.25649233,7.033285788
21,1,1,14.25711058,13.25649233,1.000618254
21,3,1,17.34224034,13.25649233,4.085748009
21,3,1,16.97688166,13.25649233,3.720389335
21,2,1,14.00266809,13.25649233,0.746175763
21,3,1,17.40015677,13.25649233,4.14366444
21,1,1,9.300081335,13.25649233,-3.956410994
21,2,1,13.49708078,13.25649233,0.240588452
22,3,1,23.38673388,22.45519038,0.931543505
22,2,1,24.1241306,22.45519038,1.668940224
22,3,1,26.86263895,22.45519038,4.407448568
22,1,1,19.05621532,22.45519038,-3.398975059
22,3,1,25.0506139,22.45519038,2.595423518
22,2,1,18.72032753,22.45519038,-3.734862842
22,1,1,17.96719616,22.45519038,-4.487994219
22,3,1,26.47911454,22.45519038,4.023924159
22,3,1,26.92566128,22.45519038,4.470470905
22,2,1,21.26208756,22.45519038,-1.193102819
22,1,1,14.46908073,22.45519038,-7.986109652
22,3,1,20.34396968,22.45519038,-2.111220702
22,2,1,23.72570028,22.45519038,1.270509905
22,1,1,13.6160253,22.45519038,-8.839165081
22,3,1,19.24508925,22.45519038,-3.210101123
22,3,1,22.5676741,22.45519038,0.112483722
22,2,1,13.71315233,22.45519038,-8.742038051
22,3,1,24.00557448,22.45519038,1.550384105
22,3,1,24.50045639,22.45519038,2.045266011
22,2,1,23.02316227,22.45519038,0.567971898
22,3,1,25.08032789,22.45519038,2.625137517
22,3,1,14.94110504,22.45519038,-7.514085333
22,1,2,12.87596786,22.45519038,-9.579222516
22,1,2,13.76326076,22.45519038,-8.691929615
22,2,2,17.63183789,22.45519038,-4.823352488
22,1,2,19.45549972,22.45519038,-2.999690656
22,3,2,15.2397675,22.45519038,-7.215422875
22,2,2,27.90648335,22.45519038,5.451292969
22,2,2,19.69674704,22.45519038,-2.758443339
22,1,2,18.86142373,22.45519038,-3.59376665
22,3,2,19.24527816,22.45519038,-3.209912217
22,1,2,18.27786102,22.45519038,-4.177329354
22,1,2,21.29706847,22.45519038,-1.158121911
22,2,2,31.03967244,22.45519038,8.584482062
22,3,2,36.69494586,22.45519038,14.23975548
22,1,2,30.05379354,22.45519038,7.598603163
22,2,2,33.64703052,22.45519038,11.19184015
22,1,2,29.11106949,22.45519038,6.655879111
22,1,2,17.29087242,22.45519038,-5.164317954
22,2,2,31.48234453,22.45519038,9.027154157
22,3,2,36.40283801,22.45519038,13.94764763
22,1,2,25.15097798,22.45519038,2.695787603
23,3,1,15.16005572,12.18069989,2.979355829
23,2,1,10.58706981,12.18069989,-1.59363008
23,3,1,18.44456917,12.18069989,6.263869283
23,1,1,8.651353225,12.18069989,-3.529346661
23,3,1,19.03391996,12.18069989,6.85322007
23,2,1,11.75481774,12.18069989,-0.42588215
23,1,1,9.18576485,12.18069989,-2.994935037
23,3,1,13.67349656,12.18069989,1.492796677
23,3,1,17.12080118,12.18069989,4.940101291
23,2,1,8.636867142,12.18069989,-3.543832745
23,1,1,4.939082887,12.18069989,-7.241617
23,3,1,14.27046355,12.18069989,2.089763667
23,2,1,11.75466058,12.18069989,-0.426039304
23,1,1,7.717853159,12.18069989,-4.462846728
23,3,1,14.59091495,12.18069989,2.410215065
23,3,1,14.8155716,12.18069989,2.634871715
23,2,1,13.99027312,12.18069989,1.809573234
23,3,1,9.836366943,12.18069989,-2.344332944
23,3,1,10.84837961,12.18069989,-1.332320274
23,2,1,7.633080048,12.18069989,-4.547619839
23,3,1,13.25408072,12.18069989,1.073380829
23,3,1,9.15219833,12.18069989,-3.028501557
23,1,1,3.474423966,12.18069989,-8.706275921
23,3,1,13.05615534,12.18069989,0.875455456
23,3,1,10.787365,12.18069989,-1.393334887
23,2,1,9.569375854,12.18069989,-2.611324032
23,3,1,18.15634111,12.18069989,5.975641219
23,1,1,4.713397037,12.18069989,-7.467302849
23,2,1,13.58995022,12.18069989,1.409250331
23,2,1,6.972707137,12.18069989,-5.20799275
23,3,1,14.38545837,12.18069989,2.204758481
23,2,1,9.698480544,12.18069989,-2.482219343
23,2,1,10.96413711,12.18069989,-1.216562782
23,1,1,8.404023082,12.18069989,-3.776676805
23,1,2,10.26532365,12.18069989,-1.915376236
23,1,2,12.07729867,12.18069989,-0.103401219
23,2,2,16.05636926,12.18069989,3.875669378
23,1,2,9.285630852,12.18069989,-2.895069035
23,3,2,18.79477818,12.18069989,6.614078298
23,2,2,12.85655804,12.18069989,0.675858155
23,2,2,9.646461562,12.18069989,-2.534238324
23,1,2,7.031781377,12.18069989,-5.148918509
23,3,2,16.60929268,12.18069989,4.428592798
23,1,2,8.55110428,12.18069989,-3.629595606
23,1,2,9.035583866,12.18069989,-3.145116021
23,2,2,17.44559484,12.18069989,5.264894955
23,3,2,13.56771162,12.18069989,1.387011737
23,2,2,16.45949753,12.18069989,4.278797643
23,1,2,13.01667886,12.18069989,0.835978978
23,1,2,8.370448223,12.18069989,-3.810251664
23,2,2,11.23840058,12.18069989,-0.942299305
23,3,2,21.3139465,12.18069989,9.133246613
23,1,2,12.59621008,12.18069989,0.415510197
23,1,2,9.633935736,12.18069989,-2.546764151
23,1,2,9.119169662,12.18069989,-3.061530225
23,2,2,13.50462963,12.18069989,1.323929746
23,3,2,19.74052088,12.18069989,7.559820993
23,1,2,7.261394477,12.18069989,-4.91930541
23,2,2,14.92571067,12.18069989,2.745010787
23,3,2,18.72424035,12.18069989,6.543540465
23,2,2,13.63880655,12.18069989,1.458106666
23,1,2,11.33211384,12.18069989,-0.848586048
23,1,2,6.711910808,12.18069989,-5.468789078
23,3,2,17.63461823,12.18069989,5.453918347
23,1,2,11.18160476,12.18069989,-0.999095131
24,3,1,33.31243343,21.27385047,12.03858296
24,2,1,24.5952581,21.27385047,3.321407624
24,3,1,20.57695837,21.27385047,-0.696892102
24,1,1,10.5376375,21.27385047,-10.73621297
24,3,1,33.72080827,21.27385047,12.4469578
24,2,1,24.6149745,21.27385047,3.341124025
24,1,1,17.14797388,21.27385047,-4.125876588
24,3,1,26.27204644,21.27385047,4.998195973
24,3,1,48.08018638,21.27385047,26.80633591
24,2,1,21.00865818,21.27385047,-0.265192292
24,1,1,14.87368808,21.27385047,-6.400162389
24,3,1,28.06644587,21.27385047,6.792595403
24,2,1,38.11217562,21.27385047,16.83832515
24,1,1,7.628281697,21.27385047,-13.64556877
24,3,1,24.02807245,21.27385047,2.754221979
24,2,1,17.84087681,21.27385047,-3.432973665
24,3,1,20.7648933,21.27385047,-0.508957168
24,3,1,16.19589263,21.27385047,-5.077957839
24,2,1,21.64784126,21.27385047,0.373990789
24,3,1,12.15006314,21.27385047,-9.123787335
24,3,1,14.95334943,21.27385047,-6.320501044
24,1,2,21.1197138,21.27385047,-0.154136668
24,1,2,32.31292062,21.27385047,11.03907015
24,2,2,16.69617311,21.27385047,-4.577677358
24,1,2,20.26660361,21.27385047,-1.007246861
24,3,2,30.28126206,21.27385047,9.007411586
24,2,2,33.55634039,21.27385047,12.28248992
24,2,2,19.7231214,21.27385047,-1.550729075
24,1,2,16.91999451,21.27385047,-4.353855963
24,3,2,28.87326343,21.27385047,7.599412961
24,1,2,31.69041853,21.27385047,10.41656806
24,1,2,10.55563863,21.27385047,-10.71821185
24,2,2,19.45791682,21.27385047,-1.81593365
24,3,2,20.00126272,21.27385047,-1.272587747
24,1,2,22.87546526,21.27385047,1.601614791
24,2,2,9.687938301,21.27385047,-11.58591217
24,1,2,6.918934167,21.27385047,-14.3549163
24,1,2,25.8726364,21.27385047,4.598785929
24,2,2,28.01364686,21.27385047,6.739796384
24,3,2,25.77722676,21.27385047,4.503376287
24,1,2,5.870747285,21.27385047,-15.40310319
24,1,2,8.995973842,21.27385047,-12.27787663
24,1,2,6.579173991,21.27385047,-14.69467648
24,2,2,22.97564292,21.27385047,1.701792445
25,1,2,16.6640204,18.83141,-2.167389602
25,1,2,19.34078432,18.83141,0.509374314
25,2,2,24.85785403,18.83141,6.02644403
25,1,2,20.34607845,18.83141,1.51466845
25,3,2,33.94231101,18.83141,15.11090101
25,2,2,23.56684877,18.83141,4.735438769
25,2,2,27.51036633,18.83141,8.678956331
25,1,2,26.58535884,18.83141,7.753948842
25,3,2,32.13469146,18.83141,13.30328145
25,1,2,21.86419693,18.83141,3.032786923
25,1,2,16.37531952,18.83141,-2.456090484
25,2,2,21.56375927,18.83141,2.732349267
25,3,2,24.80018236,18.83141,5.968772359
25,1,2,15.45519083,18.83141,-3.37621917
25,2,2,24.40002912,18.83141,5.568619119
25,1,2,12.97352772,18.83141,-5.857882287
25,1,2,16.5592137,18.83141,-2.272196307
25,2,2,20.74788629,18.83141,1.916476288
25,3,2,18.87926182,18.83141,0.047851814
25,1,2,17.52674329,18.83141,-1.304666709
25,1,2,17.52582603,18.83141,-1.30558397
25,1,2,21.11549248,18.83141,2.284082474
25,3,1,16.41604238,18.83141,-2.415367619
25,2,1,10.76982391,18.83141,-8.061586097
25,3,1,18.88480868,18.83141,0.053398678
25,1,1,7.468580279,18.83141,-11.36282972
25,3,1,15.42503924,18.83141,-3.406370762
25,2,1,14.61150079,18.83141,-4.219909216
25,1,1,6.967043385,18.83141,-11.86436662
25,3,1,20.03143351,18.83141,1.20002351
25,3,1,22.68002051,18.83141,3.848610511
25,2,1,10.53695921,18.83141,-8.294450794
25,1,1,9.497217427,18.83141,-9.334192575
25,3,1,21.09951866,18.83141,2.26810866
25,2,1,20.73685093,18.83141,1.905440931
25,1,1,16.27581208,18.83141,-2.555597922
25,3,1,15.70899185,18.83141,-3.122418149
25,3,1,14.00687721,18.83141,-4.824532789
25,2,1,14.7742739,18.83141,-4.057136098
25,3,1,21.21137673,18.83141,2.37996673
25,3,1,17.09132425,18.83141,-1.740085753
25,2,1,17.20453287,18.83141,-1.626877129
25,3,1,18.79452485,18.83141,-0.036885153
25,3,1,18.10712487,18.83141,-0.724285129
25,1,1,8.538367814,18.83141,-10.29304219
25,3,1,21.52539338,18.83141,2.693983378
25,3,1,20.39906343,18.83141,1.567653429
25,2,1,15.72048776,18.83141,-3.110922238
25,3,1,17.46943821,18.83141,-1.361971796
26,1,2,27.07050306,27.63845767,-0.567954605
26,1,2,20.42191991,27.63845767,-7.216537757
26,2,2,22.03138123,27.63845767,-5.607076433
26,1,2,13.50645867,27.63845767,-14.131999
26,3,2,36.31557535,27.63845767,8.677117682
26,2,2,35.31167795,27.63845767,7.673220285
26,2,2,29.12248643,27.63845767,1.484028764
26,1,2,26.63090759,27.63845767,-1.007550073
26,3,2,42.0149257,27.63845767,14.37646803
26,1,2,41.11123298,27.63845767,13.47277532
26,1,2,31.68675918,27.63845767,4.048301507
26,2,2,30.22208335,27.63845767,2.583625682
26,3,2,29.52166244,27.63845767,1.883204768
26,1,2,25.04164815,27.63845767,-2.596809523
26,2,2,16.74281762,27.63845767,-10.89564005
26,1,2,31.95703305,27.63845767,4.318575383
26,1,2,12.15483785,27.63845767,-15.48361982
26,2,2,40.28685,27.63845767,12.64839234
26,3,1,32.66967246,27.63845767,5.031214793
26,2,1,16.04214943,27.63845767,-11.59630824
26,3,1,39.28284837,27.63845767,11.6443907
26,1,1,13.63150029,27.63845767,-14.00695738
26,3,1,26.3014367,27.63845767,-1.337020968
26,2,1,32.19058441,27.63845767,4.552126743
26,1,1,27.26210897,27.63845767,-0.376348699
26,3,1,30.78317422,27.63845767,3.144716556
26,3,1,37.91272902,27.63845767,10.27427135
26,2,1,26.40189283,27.63845767,-1.236564839
26,1,1,15.18465974,27.63845767,-12.45379793
26,3,1,33.00807446,27.63845767,5.369616796
26,2,1,18.28260238,27.63845767,-9.355855289
26,1,1,14.63966744,27.63845767,-12.99879023
26,3,1,32.49972418,27.63845767,4.861266512
26,3,1,34.35925366,27.63845767,6.720795989
26,2,1,29.93851913,27.63845767,2.300061462
26,3,1,31.69036151,27.63845767,4.051903842
27,1,2,10.33692508,15.43308781,-5.096162723
27,1,2,10.70388758,15.43308781,-4.729200223
27,2,2,14.0568503,15.43308781,-1.376237502
27,1,2,10.70489914,15.43308781,-4.72818867
27,3,2,19.59567162,15.43308781,4.162583811
27,1,2,14.10151611,15.43308781,-1.331571696
27,3,2,21.21360766,15.43308781,5.780519858
27,1,2,15.39175164,15.43308781,-0.041336165
27,1,2,13.32830604,15.43308781,-2.10478177
27,2,2,18.49341721,15.43308781,3.060329401
27,3,2,15.42480864,15.43308781,-0.008279165
27,1,2,12.80547489,15.43308781,-2.627612913
27,2,2,12.6553324,15.43308781,-2.777755409
27,1,2,17.82712001,15.43308781,2.394032205
27,1,2,9.902641071,15.43308781,-5.530446736
27,2,2,17.29340874,15.43308781,1.860320934
27,3,2,18.50146537,15.43308781,3.068377566
27,1,2,17.85575556,15.43308781,2.42266775
27,1,2,11.0041296,15.43308781,-4.428958208
27,1,2,20.86877553,15.43308781,5.435687726
27,2,2,20.36273123,15.43308781,4.929643425
27,3,2,16.67612055,15.43308781,1.243032743
27,1,2,16.49245729,15.43308781,1.059369484
27,2,2,27.14619924,15.43308781,11.71311143
27,3,2,18.01474096,15.43308781,2.581653157
27,2,2,11.18743622,15.43308781,-4.24565159
27,3,1,11.74882408,15.43308781,-3.684263729
27,3,1,19.26119492,15.43308781,3.828107108
27,1,1,15.68955073,15.43308781,0.256462921
27,3,1,13.70326346,15.43308781,-1.729824346
27,2,1,14.31723219,15.43308781,-1.115855614
27,1,1,16.94393354,15.43308781,1.510845729
27,3,1,15.25787963,15.43308781,-0.175208181
27,3,1,11.33797192,15.43308781,-4.095115891
27,2,1,10.38673525,15.43308781,-5.046352557
27,1,1,9.167324465,15.43308781,-6.265763342
27,3,1,12.28850941,15.43308781,-3.144578395
27,2,1,12.00495353,15.43308781,-3.428134276
27,1,1,11.45219755,15.43308781,-3.980890261
27,3,1,14.40692173,15.43308781,-1.026166078
27,3,1,11.58608239,15.43308781,-3.847005416
27,2,1,13.2440633,15.43308781,-2.189024507
27,3,1,14.44071799,15.43308781,-0.992369816
27,3,1,19.89576835,15.43308781,4.46268054
27,2,1,22.09981116,15.43308781,6.666723353
27,3,1,11.15757873,15.43308781,-4.275509081
27,3,1,13.16690111,15.43308781,-2.266186694
27,1,1,9.649773026,15.43308781,-5.783314781
27,3,1,18.54388036,15.43308781,3.110792554
27,3,1,14.04314014,15.43308781,-1.389947669
27,2,1,19.33414059,15.43308781,3.90105278
27,3,1,16.39611857,15.43308781,0.963030767
27,1,1,14.97772114,15.43308781,-0.455366668
27,2,1,15.9254225,15.43308781,0.492334694
27,2,1,17.78198916,15.43308781,2.348901354
28,1,2,19.80208713,27.65439083,-7.8523037
28,1,2,15.27085749,27.65439083,-12.38353333
28,2,2,32.15957669,27.65439083,4.505185857
28,1,2,28.86527379,27.65439083,1.210882965
28,3,2,30.07442828,27.65439083,2.420037453
28,2,2,32.96313208,27.65439083,5.308741249
28,2,2,18.73908039,27.65439083,-8.915310441
28,1,2,27.64685558,27.65439083,-0.007535249
28,3,2,26.7507027,27.65439083,-0.903688128
28,1,2,21.65834351,27.65439083,-5.996047318
28,1,2,29.94962039,27.65439083,2.295229565
28,2,2,31.43908533,27.65439083,3.784694499
28,3,2,35.63559536,27.65439083,7.981204533
28,1,2,26.79850403,27.65439083,-0.855886803
28,2,2,27.28688877,27.65439083,-0.36750206
28,1,2,31.59443683,27.65439083,3.940045997
28,1,2,22.56568156,27.65439083,-5.08870927
28,2,2,31.6719806,27.65439083,4.017589769
28,3,1,29.96186587,27.65439083,2.30747504
28,2,1,24.58385942,27.65439083,-3.070531405
28,3,1,27.36678696,27.65439083,-0.28760387
28,1,1,24.66995171,27.65439083,-2.984439117
28,3,1,29.85497189,27.65439083,2.200581063
28,2,1,25.15656126,27.65439083,-2.497829568
28,1,1,22.7995066,27.65439083,-4.854884227
28,3,1,29.28638299,27.65439083,1.631992162
28,3,1,27.04764321,27.65439083,-0.60674762
28,2,1,28.54015243,27.65439083,0.885761604
28,1,1,28.45245654,27.65439083,0.798065707
28,3,1,26.69594428,27.65439083,-0.958446547
28,2,1,26.67516087,27.65439083,-0.979229955
28,1,1,24.08320611,27.65439083,-3.571184715
28,3,1,31.40091848,27.65439083,3.746527654
28,3,1,28.23333562,27.65439083,0.578944792
28,2,1,30.79903546,27.65439083,3.144644633
28,3,1,31.19569316,27.65439083,3.541302328
29,1,2,15.7748585,16.48408508,-0.709226583
29,1,2,10.84799203,16.48408508,-5.636093055
29,2,2,13.50134479,16.48408508,-2.982740295
29,1,2,10.68084086,16.48408508,-5.803244226
29,3,2,16.6364456,16.48408508,0.152360514
29,2,2,11.91549625,16.48408508,-4.568588835
29,2,2,13.83549382,16.48408508,-2.648591259
29,1,2,12.30423564,16.48408508,-4.179849438
29,3,2,21.67462463,16.48408508,5.190539546
29,1,2,12.73271695,16.48408508,-3.751368132
29,1,2,11.44807676,16.48408508,-5.036008321
29,2,2,16.63079448,16.48408508,0.146709398
29,3,2,22.17464163,16.48408508,5.690556545
29,1,2,15.21427513,16.48408508,-1.269809951
29,2,2,20.06951707,16.48408508,3.585431989
29,1,2,16.46255702,16.48408508,-0.021528057
29,1,2,15.41869833,16.48408508,-1.065386749
29,2,2,20.64148061,16.48408508,4.157395524
29,3,2,24.01306556,16.48408508,7.52898048
29,1,2,17.06058561,16.48408508,0.576500531
29,1,2,14.60349561,16.48408508,-1.880589471
29,1,2,18.58069454,16.48408508,2.096609461
29,2,2,18.71303714,16.48408508,2.228952064
29,3,2,23.96679889,16.48408508,7.482713809
29,1,2,13.73555822,16.48408508,-2.748526858
29,2,2,19.57284007,16.48408508,3.088754987
29,3,2,23.67640143,16.48408508,7.192316345
29,3,1,21.27408844,16.48408508,4.790003364
29,2,1,16.79245297,16.48408508,0.308367888
29,3,1,17.43128922,16.48408508,0.947204143
29,1,1,9.601860891,16.48408508,-6.88222419
29,3,1,21.49364939,16.48408508,5.009564309
29,2,1,15.77531841,16.48408508,-0.708766668
29,1,1,12.09946318,16.48408508,-4.384621905
29,3,1,18.96404229,16.48408508,2.479957206
29,3,1,20.18435436,16.48408508,3.700269281
29,2,1,14.67101747,16.48408508,-1.813067611
29,1,1,13.18917994,16.48408508,-3.294905141
29,3,1,19.09707604,16.48408508,2.612990963
29,2,1,16.49918216,16.48408508,0.015097079
29,1,1,12.07038815,16.48408508,-4.413696931
29,3,1,17.04521984,16.48408508,0.561134755
29,3,1,19.40655934,16.48408508,2.922474255
29,2,1,14.7065483,16.48408508,-1.777536778
29,3,1,19.76965383,16.48408508,3.285568745
29,3,1,16.36957018,16.48408508,-0.114514899
29,2,1,15.6959058,16.48408508,-0.788179286
29,3,1,19.07190035,16.48408508,2.587815272
29,3,1,19.41440002,16.48408508,2.930314939
29,1,1,10.81048715,16.48408508,-5.67359793
29,3,1,18.77754615,16.48408508,2.293461064
29,3,1,17.50437978,16.48408508,1.020294695
29,2,1,13.46693552,16.48408508,-3.017149564
29,3,1,17.30234595,16.48408508,0.81826087
30,3,1,20.13269123,16.82563089,3.307060334
30,2,1,16.33678954,16.82563089,-0.488841356
30,3,1,22.77587968,16.82563089,5.950248782
30,1,1,12.62955746,16.82563089,-4.196073438
30,3,1,23.7692619,16.82563089,6.94363101
30,2,1,17.35890747,16.82563089,0.533276575
30,1,1,13.4672123,16.82563089,-3.358418594
30,3,1,24.32734268,16.82563089,7.501711786
30,3,1,20.82441962,16.82563089,3.998788729
30,2,1,13.3192358,16.82563089,-3.506395096
30,1,1,11.10936289,16.82563089,-5.716268001
30,3,1,15.10252414,16.82563089,-1.723106749
30,2,1,13.90111893,16.82563089,-2.92451196
30,1,1,11.39872154,16.82563089,-5.426909354
30,3,1,21.69110074,16.82563089,4.865469849
30,3,1,23.60972467,16.82563089,6.784093773
30,2,1,17.47117834,16.82563089,0.645547451
30,3,1,23.59347049,16.82563089,6.767839598
30,3,1,19.80729533,16.82563089,2.981664435
30,2,1,14.81183963,16.82563089,-2.013791259
30,3,1,24.53445096,16.82563089,7.70882007
30,3,1,26.71532517,16.82563089,9.88969428
30,1,1,9.086312945,16.82563089,-7.739317949
30,3,1,23.22563445,16.82563089,6.400003558
30,3,1,24.1835718,16.82563089,7.357940907
30,1,2,7.23199757,16.82563089,-9.593633323
30,1,2,13.80630494,16.82563089,-3.019325954
30,2,2,15.11926742,16.82563089,-1.706363473
30,1,2,6.782204628,16.82563089,-10.04342627
30,3,2,23.14530361,16.82563089,6.319672715
30,2,2,12.44305714,16.82563089,-4.382573749
30,2,2,11.65634317,16.82563089,-5.169287724
30,1,2,9.281145926,16.82563089,-7.544484968
30,3,2,25.1389376,16.82563089,8.31330671
30,1,2,6.872070849,16.82563089,-9.953560045
30,1,2,13.92742228,16.82563089,-2.898208611
30,2,2,16.82259183,16.82563089,-0.003039064
30,3,2,23.8389775,16.82563089,7.013346607
30,1,2,9.792659514,16.82563089,-7.032971379
30,2,2,12.97370146,16.82563089,-3.851929431
30,1,2,10.54892193,16.82563089,-6.276708967
30,1,2,11.04441996,16.82563089,-5.781210938
30,2,2,21.82739752,16.82563089,5.00176663
30,3,2,32.10347925,16.82563089,15.27784836
30,1,2,9.587378382,16.82563089,-7.238252511
30,1,2,7.181334767,16.82563089,-9.644296127
30,2,2,16.26253573,16.82563089,-0.563095165
30,3,2,34.99871647,16.82563089,18.17308558
30,1,2,8.750517966,16.82563089,-8.075112928
30,2,2,12.16310527,16.82563089,-4.662525627
30,3,2,22.06611678,16.82563089,5.240485885
30,2,2,18.18079082,16.82563089,1.355159929
30,1,2,5.819137977,16.82563089,-11.00649292
31,3,1,16.80777609,14.5751789,2.232597193
31,2,1,12.10207802,14.5751789,-2.473100877
31,3,1,21.62381525,14.5751789,7.048636357
31,1,1,12.56717388,14.5751789,-2.00800502
31,3,1,22.79382405,14.5751789,8.218645157
31,2,1,18.45626928,14.5751789,3.881090378
31,1,1,11.66530029,14.5751789,-2.909878612
31,3,1,24.81446859,14.5751789,10.23928969
31,3,1,22.66560978,14.5751789,8.090430884
31,2,1,15.03465911,14.5751789,0.459480214
31,1,1,6.660673554,14.5751789,-7.914505343
31,3,1,18.73841168,14.5751789,4.163232786
31,2,1,14.06762834,14.5751789,-0.507550557
31,1,1,4.909070908,14.5751789,-9.66610799
31,3,1,29.23524776,14.5751789,14.66006887
31,3,1,21.4580945,14.5751789,6.882915605
31,2,1,14.51125669,14.5751789,-0.063922207
31,3,1,17.16175535,14.5751789,2.586576451
31,3,1,16.64120992,14.5751789,2.066031019
31,2,1,14.97389903,14.5751789,0.398720129
31,3,1,14.75876244,14.5751789,0.18358354
31,3,1,14.8215296,14.5751789,0.246350701
31,1,1,2.200760559,14.5751789,-12.37441834
31,3,1,17.02350922,14.5751789,2.448330324
31,3,1,20.09540059,14.5751789,5.520221697
31,2,1,14.58776998,14.5751789,0.012591086
31,3,1,19.35696101,14.5751789,4.781782111
31,1,2,15.66431856,14.5751789,1.089139659
31,1,2,17.12157052,14.5751789,2.546391625
31,2,2,25.10552385,14.5751789,10.53034496
31,1,2,18.02595184,14.5751789,3.45077294
31,3,2,23.01190743,14.5751789,8.436728537
31,2,2,12.38390869,14.5751789,-2.191270211
31,2,2,21.76968782,14.5751789,7.194508925
31,1,2,10.6542418,14.5751789,-3.920937096
31,3,2,25.02864333,14.5751789,10.45346444
31,1,2,5.536744765,14.5751789,-9.038434133
31,1,2,4.54537731,14.5751789,-10.02980159
31,2,2,16.29707874,14.5751789,1.721899841
31,3,2,17.13586701,14.5751789,2.560688116
31,1,2,3.148178237,14.5751789,-11.42700066
31,2,2,10.13082655,14.5751789,-4.444352346
31,1,2,7.265881818,14.5751789,-7.309297079
31,1,2,4.573814741,14.5751789,-10.00136416
31,2,2,15.87680598,14.5751789,1.301627087
31,3,2,20.68757377,14.5751789,6.112394869
31,1,2,2.957000521,14.5751789,-11.61817838
31,1,2,1.58874177,14.5751789,-12.98643713
31,1,2,3.665809912,14.5751789,-10.90936899
31,2,2,15.08201175,14.5751789,0.506832849
31,3,2,21.53594905,14.5751789,6.960770157
31,1,2,1.194153372,14.5751789,-13.38102553
31,2,2,18.29904605,14.5751789,3.723867148
31,3,2,22.36758844,14.5751789,7.792409545
31,2,2,19.34241949,14.5751789,4.767240589
31,1,2,1.761088311,14.5751789,-12.81409059
31,1,2,3.025829001,14.5751789,-11.5493499
31,3,2,19.37930986,14.5751789,4.804130961
32,3,1,23.69232365,20.2066947,3.485628957
32,2,1,23.56259942,20.2066947,3.355904726
32,3,1,25.02796693,20.2066947,4.821272235
32,1,1,14.44488654,20.2066947,-5.761808156
32,3,1,22.81129601,20.2066947,2.604601313
32,2,1,14.67300691,20.2066947,-5.533687791
32,1,1,7.828628132,20.2066947,-12.37806657
32,3,1,20.35756396,20.2066947,0.150869267
32,3,1,17.2166366,20.2066947,-2.990058093
32,2,1,11.73210726,20.2066947,-8.474587441
32,1,1,12.68852663,20.2066947,-7.518168067
32,3,1,26.77949389,20.2066947,6.572799191
32,2,1,23.66039068,20.2066947,3.45369598
32,1,1,14.7269523,20.2066947,-5.4797424
32,3,1,21.7203775,20.2066947,1.513682805
32,3,1,23.04778914,20.2066947,2.841094439
32,2,1,19.9966135,20.2066947,-0.210081198
32,3,1,21.07943571,20.2066947,0.872741012
32,3,1,20.22549911,20.2066947,0.01880441
32,2,1,15.20538505,20.2066947,-5.001309652
32,3,1,23.81848595,20.2066947,3.611791252
32,3,1,20.2207303,20.2066947,0.014035599
32,1,1,6.627547813,20.2066947,-13.57914688
32,3,1,20.45793959,20.2066947,0.251244896
32,1,2,15.21865042,20.2066947,-4.988044282
32,1,2,20.77936464,20.2066947,0.57266994
32,2,2,19.0868524,20.2066947,-1.119842299
32,1,2,18.19516012,20.2066947,-2.01153458
32,3,2,37.37837688,20.2066947,17.17168218
32,2,2,28.46597784,20.2066947,8.259283144
32,2,2,18.80860067,20.2066947,-1.398094032
32,1,2,16.69132172,20.2066947,-3.515372978
32,3,2,26.76546328,20.2066947,6.558768579
32,1,2,14.49095533,20.2066947,-5.71573937
32,1,2,16.5090559,20.2066947,-3.6976388
32,2,2,22.53196954,20.2066947,2.325274842
32,1,2,21.73332375,20.2066947,1.526629057
32,2,2,22.00847058,20.2066947,1.801775883
32,1,2,18.70792869,20.2066947,-1.498766008
32,1,2,18.4325952,20.2066947,-1.774099495
32,2,2,25.45028429,20.2066947,5.24358959
32,3,2,24.44440161,20.2066947,4.237706913
32,1,2,11.31073154,20.2066947,-8.895963157
32,1,2,16.60655754,20.2066947,-3.600137158
32,1,2,21.90869374,20.2066947,1.701999041
33,3,1,21.28449664,24.1444376,-2.859940968
33,2,1,16.92651034,24.1444376,-7.21792726
33,3,1,27.16745495,24.1444376,3.023017348
33,1,1,19.6717929,24.1444376,-4.472644704
33,3,1,28.5102383,24.1444376,4.365800697
33,2,1,17.90723614,24.1444376,-6.237201469
33,1,1,6.917100312,24.1444376,-17.22733729
33,3,1,16.30019317,24.1444376,-7.844244432
33,3,1,11.35901742,24.1444376,-12.78542019
33,2,1,14.27508404,24.1444376,-9.869353566
33,1,1,13.72347014,24.1444376,-10.42096746
33,3,1,20.09656636,24.1444376,-4.047871239
33,2,1,20.51335349,24.1444376,-3.631084114
33,1,1,11.83861122,24.1444376,-12.30582639
33,3,1,21.83133688,24.1444376,-2.313100722
33,3,1,25.53479355,24.1444376,1.390355942
33,2,1,19.9797386,24.1444376,-4.164699
33,3,1,21.04629742,24.1444376,-3.098140182
33,3,1,26.51903383,24.1444376,2.374596223
33,2,1,24.01662535,24.1444376,-0.127812252
33,3,1,21.64012785,24.1444376,-2.50430975
33,3,1,32.11004638,24.1444376,7.965608776
33,1,1,13.22330064,24.1444376,-10.92113697
33,3,1,27.7215118,24.1444376,3.577074198
33,1,2,15.90592021,24.1444376,-8.238517398
33,1,2,16.84169465,24.1444376,-7.302742951
33,2,2,25.03417792,24.1444376,0.889740313
33,1,2,22.51497122,24.1444376,-1.629466384
33,3,2,42.83083976,24.1444376,18.68640216
33,2,2,27.35281815,24.1444376,3.208380547
33,2,2,31.23927268,24.1444376,7.094835072
33,1,2,27.59911884,24.1444376,3.45468124
33,3,2,32.07456953,24.1444376,7.930131929
33,1,2,23.64986887,24.1444376,-0.494568731
33,1,2,23.09024618,24.1444376,-1.054191419
33,2,2,27.48655029,24.1444376,3.34211269
33,3,2,37.8627585,24.1444376,13.7183209
33,1,2,30.03935632,24.1444376,5.894918717
33,2,2,27.85355726,24.1444376,3.709119655
33,1,2,18.8583896,24.1444376,-5.286048002
33,1,2,20.58689671,24.1444376,-3.557540897
33,2,2,30.65618136,24.1444376,6.511743751
33,3,2,44.43598789,24.1444376,20.29155028
34,3,1,13.25889487,12.52051727,0.7383776
34,2,1,9.400603089,12.52051727,-3.119914181
34,3,1,14.67408158,12.52051727,2.153564314
34,1,1,8.155441927,12.52051727,-4.365075343
34,3,1,12.27613473,12.52051727,-0.244382541
34,2,1,7.764495507,12.52051727,-4.756021763
34,1,1,5.512518325,12.52051727,-7.007998944
34,3,1,9.518762173,12.52051727,-3.001755096
34,3,1,11.26530357,12.52051727,-1.2552137
34,2,1,9.944133788,12.52051727,-2.576383482
34,1,1,5.260426646,12.52051727,-7.260090624
34,3,1,12.91642134,12.52051727,0.39590407
34,2,1,12.23130269,12.52051727,-0.289214577
34,1,1,9.230300111,12.52051727,-3.290217159
34,3,1,13.95925174,12.52051727,1.438734469
34,3,1,13.33446634,12.52051727,0.813949073
34,2,1,9.997396045,12.52051727,-2.523121225
34,3,1,15.18281473,12.52051727,2.662297459
34,3,1,14.71494017,12.52051727,2.194422904
34,2,1,8.946568722,12.52051727,-3.573948548
34,3,1,15.71056935,12.52051727,3.190052082
34,3,1,15.80964891,12.52051727,3.289131637
34,1,1,9.665479455,12.52051727,-2.855037815
34,3,1,18.80576142,12.52051727,6.285244146
34,3,1,18.23856195,12.52051727,5.718044682
34,2,1,12.86965662,12.52051727,0.349139354
34,3,1,19.34578981,12.52051727,6.825272543
34,1,1,12.39808156,12.52051727,-0.12243571
34,2,1,14.07153132,12.52051727,1.551014048
34,2,1,10.89297323,12.52051727,-1.627544036
34,3,1,22.3707992,12.52051727,9.850281932
34,2,1,15.34390107,12.52051727,2.823383801
34,1,2,9.793423818,12.52051727,-2.727093452
34,1,2,9.590855078,12.52051727,-2.929662192
34,2,2,14.4142858,12.52051727,1.893768532
34,1,2,10.73936104,12.52051727,-1.781156235
34,3,2,15.89208932,12.52051727,3.371572049
34,2,2,12.20738024,12.52051727,-0.313137033
34,2,2,11.29347786,12.52051727,-1.22703941
34,1,2,9.756184915,12.52051727,-2.764332355
34,3,2,18.67420635,12.52051727,6.153689076
34,1,2,9.936425195,12.52051727,-2.584092075
34,1,2,11.27614563,12.52051727,-1.244371637
34,2,2,15.32813526,12.52051727,2.807617988
34,3,2,19.17287358,12.52051727,6.652356308
34,1,2,5.232141385,12.52051727,-7.288375884
34,2,2,10.87592773,12.52051727,-1.644589536
34,1,2,8.19229532,12.52051727,-4.32822195
34,1,2,8.986343266,12.52051727,-3.534174004
34,2,2,13.87357234,12.52051727,1.353055069
34,3,2,21.88371683,12.52051727,9.363199558
34,1,2,12.9286361,12.52051727,0.408118831
34,1,2,10.2342758,12.52051727,-2.286241468
34,1,2,9.822168676,12.52051727,-2.698348594
34,2,2,16.00348049,12.52051727,3.482963223
34,3,2,15.13573699,12.52051727,2.615219716
34,1,2,6.872537043,12.52051727,-5.647980227
34,2,2,11.42539952,12.52051727,-1.095117752
34,3,2,11.94920507,12.52051727,-0.571312199
34,2,2,16.91214545,12.52051727,4.391628182
34,1,2,7.611887494,12.52051727,-4.908629776
34,1,2,9.241528004,12.52051727,-3.278989265
34,1,2,16.73729205,12.52051727,4.216774777
35,1,2,15.3347458,18.54050001,-3.205754207
35,1,2,11.23181916,18.54050001,-7.308680852
35,2,2,19.11181296,18.54050001,0.571312952
35,1,2,9.023376019,18.54050001,-9.517123993
35,3,2,24.5216773,18.54050001,5.981177288
35,2,2,17.65270905,18.54050001,-0.887790963
35,2,2,17.84632509,18.54050001,-0.694174923
35,1,2,14.2571439,18.54050001,-4.28335611
35,3,2,21.68110858,18.54050001,3.140608567
35,1,2,16.14277669,18.54050001,-2.397723325
35,1,2,18.94711731,18.54050001,0.406617299
35,2,2,19.5957647,18.54050001,1.05526469
35,3,2,26.51920163,18.54050001,7.978701615
35,1,2,14.45664171,18.54050001,-4.083858301
35,2,2,19.25182212,18.54050001,0.711322105
35,1,2,14.92455401,18.54050001,-3.615946004
35,1,2,15.30807723,18.54050001,-3.232422785
35,2,2,17.37707409,18.54050001,-1.163425925
35,3,2,20.2050951,18.54050001,1.664595085
35,1,2,12.05541096,18.54050001,-6.48508905
35,1,2,12.30559353,18.54050001,-6.234906477
35,1,2,13.47323793,18.54050001,-5.067262081
35,2,2,24.51710056,18.54050001,5.976600547
35,3,2,25.91851188,18.54050001,7.378011864
35,1,2,14.00691354,18.54050001,-4.533586471
35,2,2,19.71050107,18.54050001,1.170001059
35,3,1,23.82676762,18.54050001,5.286267606
35,2,1,18.4112566,18.54050001,-0.129243409
35,3,1,21.06431524,18.54050001,2.52381523
35,1,1,10.05333523,18.54050001,-8.48716478
35,3,1,27.39760175,18.54050001,8.857101737
35,2,1,18.04438926,18.54050001,-0.496110753
35,1,1,11.38802395,18.54050001,-7.152476064
35,3,1,25.03411484,18.54050001,6.493614831
35,3,1,25.16764311,18.54050001,6.627143101
35,2,1,19.17841658,18.54050001,0.637916564
35,1,1,15.22243219,18.54050001,-3.318067822
35,3,1,25.69481475,18.54050001,7.154314736
35,2,1,19.23424576,18.54050001,0.693745751
35,1,1,13.87573009,18.54050001,-4.664769922
35,3,1,29.82322938,18.54050001,11.28272937
35,3,1,24.183205,18.54050001,5.642704983
35,2,1,18.76104407,18.54050001,0.220544062
35,3,1,17.15999768,18.54050001,-1.380502334
35,3,1,23.2288887,18.54050001,4.688388687
35,2,1,14.49090505,18.54050001,-4.049594962
35,3,1,22.43181698,18.54050001,3.891316967
35,3,1,23.16916784,18.54050001,4.628667826
35,1,1,9.944418412,18.54050001,-8.5960816
36,1,2,15.32231131,17.95401947,-2.631708162
36,1,2,20.00483557,17.95401947,2.050816095
36,2,2,21.13959349,17.95401947,3.185574024
36,1,2,18.11095021,17.95401947,0.156930744
36,3,2,27.5756187,17.95401947,9.621599231
36,2,2,17.8773629,17.95401947,-0.076656572
36,2,2,18.7784389,17.95401947,0.824419428
36,1,2,9.80286946,17.95401947,-8.151150011
36,3,2,27.01927106,17.95401947,9.065251593
36,1,2,18.67830577,17.95401947,0.724286295
36,1,2,15.46302285,17.95401947,-2.490996621
36,2,2,19.52166191,17.95401947,1.567642435
36,1,2,19.2431138,17.95401947,1.28909433
36,2,2,21.98474281,17.95401947,4.030723335
36,1,2,18.14426068,17.95401947,0.190241209
36,1,2,9.04105276,17.95401947,-8.912966711
36,2,2,21.19737333,17.95401947,3.243353858
36,3,2,27.97027107,17.95401947,10.0162516
36,1,2,14.13527718,17.95401947,-3.818742289
36,1,2,19.96739705,17.95401947,2.013377582
36,1,2,22.86207203,17.95401947,4.908052558
36,2,2,21.21039379,17.95401947,3.256374318
36,3,1,14.55649934,17.95401947,-3.397520129
36,2,1,6.733564704,17.95401947,-11.22045477
36,3,1,13.60197169,17.95401947,-4.352047784
36,1,1,9.492764291,17.95401947,-8.46125518
36,3,1,14.99120669,17.95401947,-2.962812779
36,2,1,13.3726205,17.95401947,-4.581398967
36,1,1,11.03749849,17.95401947,-6.916520982
36,3,1,20.29262728,17.95401947,2.338607807
36,3,1,14.66529685,17.95401947,-3.288722619
36,2,1,8.284654703,17.95401947,-9.669364768
36,1,1,6.383139311,17.95401947,-11.57088016
36,3,1,19.10966892,17.95401947,1.155649448
36,2,1,17.59379962,17.95401947,-0.360219849
36,1,1,11.81495982,17.95401947,-6.139059653
36,3,1,28.15907816,17.95401947,10.20505869
36,3,1,27.03609115,17.95401947,9.082071678
36,2,1,14.80450227,17.95401947,-3.149517202
36,3,1,21.99437513,17.95401947,4.04035566
36,3,1,20.87206645,17.95401947,2.918046981
36,2,1,16.19272154,17.95401947,-1.761297932
36,3,1,23.19936663,17.95401947,5.245347162
36,3,1,22.90439454,17.95401947,4.950375067
36,1,1,9.67508569,17.95401947,-8.278933781
36,3,1,16.48378657,17.95401947,-1.470232905
36,3,1,23.38035478,17.95401947,5.426335309
36,2,1,15.53315251,17.95401947,-2.420866962
36,3,1,23.69966475,17.95401947,5.745645276
37,1,2,6.259092304,20.08368696,-13.82459465
37,1,2,16.13615436,20.08368696,-3.947532594
37,2,2,22.14213107,20.08368696,2.05844411
37,1,2,15.43732254,20.08368696,-4.646364418
37,3,2,28.51737221,20.08368696,8.433685255
37,2,2,17.9570338,20.08368696,-2.12665316
37,2,2,19.87077137,20.08368696,-0.212915592
37,1,2,14.62153365,20.08368696,-5.46215331
37,3,2,22.35981268,20.08368696,2.276125726
37,1,2,11.98416165,20.08368696,-8.099525305
37,1,2,13.30749222,20.08368696,-6.776194733
37,2,2,20.99989095,20.08368696,0.916203996
37,3,2,24.75979517,20.08368696,4.676108215
37,1,2,14.80180786,20.08368696,-5.281879097
37,2,2,24.99966933,20.08368696,4.915982375
37,1,2,12.97165564,20.08368696,-7.112031322
37,1,2,21.70070165,20.08368696,1.617014692
37,2,2,27.80669827,20.08368696,7.723011313
37,3,2,29.43309924,20.08368696,9.349412279
37,1,2,14.51848994,20.08368696,-5.565197019
37,1,2,16.13823523,20.08368696,-3.945451732
37,1,2,14.09918315,20.08368696,-5.984503811
37,2,2,18.05177715,20.08368696,-2.031909806
37,3,2,31.31779326,20.08368696,11.2341063
37,3,1,13.5722373,20.08368696,-6.511449656
37,2,1,12.62396731,20.08368696,-7.459719651
37,3,1,22.30189462,20.08368696,2.218207659
37,1,1,10.61295234,20.08368696,-9.470734619
37,3,1,31.12743354,20.08368696,11.04374658
37,2,1,20.13412931,20.08368696,0.05044235
37,1,1,13.33045579,20.08368696,-6.753231166
37,3,1,35.77969357,20.08368696,15.69600662
37,3,1,23.31002852,20.08368696,3.226341558
37,2,1,14.72250291,20.08368696,-5.361184048
37,1,1,6.972545967,20.08368696,-13.11114099
37,3,1,28.117459,20.08368696,8.033772043
37,2,1,18.56118737,20.08368696,-1.522499583
37,1,1,13.76280998,20.08368696,-6.320876973
37,3,1,30.65049316,20.08368696,10.5668062
37,3,1,27.15783888,20.08368696,7.074151923
37,2,1,20.86720362,20.08368696,0.783516666
37,3,1,27.6417842,20.08368696,7.558097247
37,3,1,29.82913072,20.08368696,9.74544376
37,2,1,19.83190467,20.08368696,-0.251782292
37,3,1,42.19433286,20.08368696,22.1106459
37,3,1,27.24180428,20.08368696,7.158117324
38,1,2,7.735478156,16.52886383,-8.793385672
38,1,2,6.616672194,16.52886383,-9.912191634
38,2,2,21.6453076,16.52886383,5.116443774
38,1,2,10.6049687,16.52886383,-5.923895127
38,3,2,27.3114067,16.52886383,10.78254287
38,2,2,22.08100847,16.52886383,5.55214464
38,2,2,19.74612519,16.52886383,3.217261361
38,1,2,12.30548391,16.52886383,-4.223379918
38,3,2,22.41519129,16.52886383,5.886327461
38,1,2,11.65034616,16.52886383,-4.878517672
38,1,2,11.96283369,16.52886383,-4.56603014
38,2,2,19.03654571,16.52886383,2.507681886
38,3,2,25.43428038,16.52886383,8.905416557
38,1,2,12.82238536,16.52886383,-3.706478472
38,2,2,20.81365368,16.52886383,4.284789852
38,1,2,11.54258717,16.52886383,-4.98627666
38,1,2,13.0726963,16.52886383,-3.456167531
38,2,2,21.91444048,16.52886383,5.385576649
38,3,2,23.69042688,16.52886383,7.161563048
38,1,2,13.02942695,16.52886383,-3.499436876
38,1,2,13.83744489,16.52886383,-2.691418936
38,1,2,11.92443452,16.52886383,-4.60442931
38,2,2,20.98021878,16.52886383,4.451354957
38,3,2,21.73104128,16.52886383,5.20217745
38,1,2,10.05847096,16.52886383,-6.470392867
38,2,2,18.89108288,16.52886383,2.362219054
38,3,1,8.329981674,16.52886383,-8.198882154
38,2,1,10.62316298,16.52886383,-5.905700847
38,3,1,21.29714768,16.52886383,4.768283857
38,1,1,12.88938562,16.52886383,-3.63947821
38,3,1,20.3117287,16.52886383,3.782864874
38,2,1,11.8552001,16.52886383,-4.673663725
38,1,1,4.864731982,16.52886383,-11.66413185
38,3,1,23.44699704,16.52886383,6.918133213
38,3,1,21.99728861,16.52886383,5.468424782
38,2,1,12.08859965,16.52886383,-4.440264174
38,1,1,9.619544587,16.52886383,-6.909319241
38,3,1,19.09439191,16.52886383,2.565528079
38,2,1,13.29012546,16.52886383,-3.238738367
38,1,1,4.297859368,16.52886383,-12.23100446
38,3,1,19.9292213,16.52886383,3.400357477
38,3,1,21.11373373,16.52886383,4.584869905
38,2,1,18.14405742,16.52886383,1.615193597
38,3,1,20.77921223,16.52886383,4.2503484
38,3,1,19.89591938,16.52886383,3.367055553
38,2,1,21.50719253,16.52886383,4.9783287
38,3,1,22.26141019,16.52886383,5.732546365
38,3,1,19.49877805,16.52886383,2.969914219
38,1,1,7.070842519,16.52886383,-9.458021308
38,3,1,22.76506932,16.52886383,6.23620549
38,3,1,23.21911296,16.52886383,6.69024913
38,2,1,17.09579411,16.52886383,0.566930279
38,3,1,22.1499645,16.52886383,5.621100668
39,2,1,14.77490497,20.53801148,-5.763106509
39,3,1,12.95641916,20.53801148,-7.581592323
39,1,1,12.95155044,20.53801148,-7.586461046
39,3,1,20.93085099,20.53801148,0.392839507
39,2,1,18.49514363,20.53801148,-2.042867858
39,1,1,11.9554746,20.53801148,-8.582536881
39,3,1,19.16007417,20.53801148,-1.377937317
39,3,1,28.74830276,20.53801148,8.210291279
39,2,1,16.32340505,20.53801148,-4.214606431
39,1,1,11.24033753,20.53801148,-9.297673957
39,3,1,31.00952063,20.53801148,10.47150915
39,2,1,23.71638922,20.53801148,3.178377733
39,1,1,14.33106447,20.53801148,-6.206947014
39,3,1,24.50127251,20.53801148,3.963261023
39,3,1,26.49301845,20.53801148,5.955006967
39,2,1,22.11541887,20.53801148,1.577407388
39,3,1,26.16937926,20.53801148,5.63136778
39,3,1,21.48150703,20.53801148,0.943495549
39,2,1,16.22613099,20.53801148,-4.311880492
39,3,1,26.77511826,20.53801148,6.237106778
39,3,1,24.51776041,20.53801148,3.97974893
39,1,1,12.90752827,20.53801148,-7.630483214
39,3,1,19.78418826,20.53801148,-0.753823221
39,1,2,14.41632613,20.53801148,-6.121685355
39,1,2,7.536709943,20.53801148,-13.00130154
39,2,2,25.32850983,20.53801148,4.79049835
39,1,2,19.45408695,20.53801148,-1.083924531
39,3,2,38.44947674,20.53801148,17.91146526
39,2,2,15.80147159,20.53801148,-4.736539898
39,2,2,21.94466238,20.53801148,1.406650899
39,1,2,17.65520753,20.53801148,-2.882803955
39,3,2,21.98430815,20.53801148,1.446296669
39,1,2,21.05640149,20.53801148,0.518390004
39,1,2,15.25873636,20.53801148,-5.279275126
39,2,2,18.06116726,20.53801148,-2.476844228
39,3,2,31.21666008,20.53801148,10.67864859
39,1,2,14.70790936,20.53801148,-5.830102119
39,2,2,22.76891593,20.53801148,2.230904449
39,1,2,15.85919385,20.53801148,-4.678817633
39,1,2,13.90727265,20.53801148,-6.630738837
39,2,2,17.76122925,20.53801148,-2.776782231
39,3,2,30.15577635,20.53801148,9.617764864
39,1,2,20.5070983,20.53801148,-0.030913188
39,1,2,21.46460442,20.53801148,0.926592936
39,1,2,24.36772614,20.53801148,3.829714659
39,2,2,23.68344355,20.53801148,3.145432069